Gene_symbol	Role_in_cancer	fusion	Supp	nSupp
A1CF	oncogene		COSMIC	1
ABI1	fusion,TSG	KMT2A	FOUNDATION ONE HEME,COSMIC,COSMIC CGC (v99)	3
ABL1	fusion,oncogene	BCR,NUP214,ETV6	MSK-IMPACT,COSMIC,MSK-HEME,COSMIC CGC (v99),OncoKB Annotated,FOUNDATION ONE HEME,civic,Vogelstein,FOUNDATION ONE	9
ABL2	fusion,oncogene	ETV6	COSMIC,COSMIC CGC (v99),OncoKB Annotated,FOUNDATION ONE HEME,civic	5
ACKR3	fusion,oncogene,TSG	HMGA2	OncoKB Annotated,COSMIC,COSMIC CGC (v99)	3
ACSL3	fusion	ETV1	COSMIC,COSMIC CGC (v99)	2
ACSL6	fusion	ETV6	FOUNDATION ONE HEME,COSMIC	2
ACVR1	oncogene		MSK-IMPACT,COSMIC,MSK-HEME,COSMIC CGC (v99),OncoKB Annotated,civic	6
ACVR1B	TSG		COSMIC,COSMIC CGC (v99),OncoKB Annotated,FOUNDATION ONE,Vogelstein	5
ACVR2A	oncogene,TSG		OncoKB Annotated,COSMIC,COSMIC CGC (v99)	3
AFDN	fusion,oncogene,TSG	KMT2A	OncoKB Annotated,COSMIC,FOUNDATION ONE HEME,COSMIC CGC (v99)	4
AFF1	fusion	KMT2A	FOUNDATION ONE HEME,COSMIC,COSMIC CGC (v99)	3
AFF3	fusion,oncogene	RUNX1,KMT2A	COSMIC,COSMIC CGC (v99)	2
AFF4	fusion,oncogene	KMT2A	OncoKB Annotated,COSMIC,FOUNDATION ONE HEME,COSMIC CGC (v99)	4
AKAP9	fusion	BRAF	COSMIC	1
AKT1	oncogene		MSK-IMPACT,COSMIC,MSK-HEME,COSMIC CGC (v99),OncoKB Annotated,FOUNDATION ONE HEME,civic,Vogelstein,FOUNDATION ONE	9
AKT2	oncogene		MSK-IMPACT,COSMIC,MSK-HEME,COSMIC CGC (v99),OncoKB Annotated,FOUNDATION ONE HEME,civic,FOUNDATION ONE	8
AKT3	oncogene		MSK-IMPACT,COSMIC,MSK-HEME,OncoKB Annotated,FOUNDATION ONE HEME,civic,FOUNDATION ONE	7
ALDH2	fusion,TSG	HMGA2	OncoKB Annotated,COSMIC	2
ALK	fusion,oncogene	SEC31A,C2orf22,ATIC,MSN,RANBP2,TPR,EML4,DCTN1,KLC1,VCL,TFG,C2orf44,PPFIBP1,STRN,TPM3,RNF213,CLTC,CARS,NPM1,TPM4,HIP1,KIF5B	MSK-IMPACT,COSMIC,MSK-HEME,COSMIC CGC (v99),OncoKB Annotated,FOUNDATION ONE HEME,civic,Vogelstein,FOUNDATION ONE	9
AMER1	TSG		MSK-IMPACT,COSMIC,MSK-HEME,COSMIC CGC (v99),OncoKB Annotated,FOUNDATION ONE HEME,Vogelstein,FOUNDATION ONE	8
ANK1			COSMIC	1
APC	TSG		MSK-IMPACT,COSMIC,MSK-HEME,COSMIC CGC (v99),OncoKB Annotated,FOUNDATION ONE HEME,civic,Vogelstein,FOUNDATION ONE	9
APOBEC3B	oncogene,TSG		COSMIC,COSMIC CGC (v99)	2
AR	oncogene		MSK-IMPACT,COSMIC,MSK-HEME,COSMIC CGC (v99),OncoKB Annotated,FOUNDATION ONE HEME,civic,Vogelstein,FOUNDATION ONE	9
ARAF	oncogene		MSK-IMPACT,COSMIC,MSK-HEME,OncoKB Annotated,FOUNDATION ONE HEME,civic,FOUNDATION ONE	7
ARHGAP26	fusion,oncogene,TSG	KMT2A	OncoKB Annotated,COSMIC,FOUNDATION ONE HEME,COSMIC CGC (v99)	4
ARHGAP35	oncogene,TSG		MSK-IMPACT,OncoKB Annotated,COSMIC,COSMIC CGC (v99)	4
ARHGAP5	oncogene		COSMIC	1
ARHGEF10	TSG		COSMIC	1
ARHGEF10L	TSG		COSMIC	1
ARHGEF12	fusion,oncogene,TSG	KMT2A	OncoKB Annotated,COSMIC,FOUNDATION ONE HEME,COSMIC CGC (v99)	4
ARID1A	fusion,TSG	MAST2	MSK-IMPACT,COSMIC,MSK-HEME,COSMIC CGC (v99),OncoKB Annotated,FOUNDATION ONE HEME,civic,Vogelstein,FOUNDATION ONE	9
ARID1B	TSG		MSK-IMPACT,COSMIC,MSK-HEME,COSMIC CGC (v99),OncoKB Annotated,Vogelstein	6
ARID2	TSG		MSK-IMPACT,COSMIC,MSK-HEME,COSMIC CGC (v99),OncoKB Annotated,FOUNDATION ONE HEME,Vogelstein	7
ARNT	fusion,oncogene,TSG	ETV6	FOUNDATION ONE HEME,COSMIC,COSMIC CGC (v99)	3
ASPM			COSMIC	1
ASPSCR1	fusion	TFE3	COSMIC,COSMIC CGC (v99)	2
ASXL1	TSG		MSK-IMPACT,COSMIC,MSK-HEME,COSMIC CGC (v99),OncoKB Annotated,FOUNDATION ONE HEME,civic,Vogelstein,FOUNDATION ONE	9
ASXL2	TSG		MSK-IMPACT,OncoKB Annotated,COSMIC,MSK-HEME	4
ATF1	fusion,oncogene	FUS,EWSR1	OncoKB Annotated,COSMIC,FOUNDATION ONE HEME,COSMIC CGC (v99)	4
ATIC	fusion,oncogene	ALK	OncoKB Annotated,COSMIC,FOUNDATION ONE HEME,COSMIC CGC (v99)	4
ATM	TSG		MSK-IMPACT,COSMIC,MSK-HEME,COSMIC CGC (v99),OncoKB Annotated,FOUNDATION ONE HEME,civic,Vogelstein,FOUNDATION ONE	9
ATP1A1	oncogene,TSG		OncoKB Annotated,COSMIC,COSMIC CGC (v99)	3
ATP2B3	TSG		COSMIC,COSMIC CGC (v99)	2
ATR	TSG		MSK-IMPACT,COSMIC,MSK-HEME,COSMIC CGC (v99),OncoKB Annotated,FOUNDATION ONE HEME,civic,FOUNDATION ONE	8
ATRX	TSG		MSK-IMPACT,COSMIC,MSK-HEME,COSMIC CGC (v99),OncoKB Annotated,FOUNDATION ONE HEME,civic,Vogelstein,FOUNDATION ONE	9
AXIN1	TSG		MSK-IMPACT,COSMIC,MSK-HEME,COSMIC CGC (v99),OncoKB Annotated,FOUNDATION ONE HEME,Vogelstein,FOUNDATION ONE	8
AXIN2	TSG		MSK-IMPACT,COSMIC,MSK-HEME,COSMIC CGC (v99),OncoKB Annotated	5
B2M	TSG		MSK-IMPACT,COSMIC,MSK-HEME,COSMIC CGC (v99),OncoKB Annotated,FOUNDATION ONE HEME,civic,Vogelstein	8
BAP1	TSG		MSK-IMPACT,COSMIC,MSK-HEME,COSMIC CGC (v99),OncoKB Annotated,FOUNDATION ONE HEME,civic,Vogelstein,FOUNDATION ONE	9
BARD1	TSG		MSK-IMPACT,COSMIC,MSK-HEME,COSMIC CGC (v99),OncoKB Annotated,FOUNDATION ONE HEME,civic,FOUNDATION ONE	8
BAX	TSG		COSMIC,COSMIC CGC (v99)	2
BAZ1A	TSG		COSMIC	1
BCL10	fusion,TSG	IGH	MSK-IMPACT,COSMIC,MSK-HEME,COSMIC CGC (v99),OncoKB Annotated,FOUNDATION ONE HEME	6
BCL11A	fusion,oncogene	IGH	FOUNDATION ONE HEME,COSMIC,COSMIC CGC (v99)	3
BCL11B	fusion,oncogene,TSG	TLX3	COSMIC,MSK-HEME,COSMIC CGC (v99),OncoKB Annotated,FOUNDATION ONE HEME	5
BCL2	fusion,oncogene	IGH	MSK-IMPACT,COSMIC,MSK-HEME,COSMIC CGC (v99),OncoKB Annotated,FOUNDATION ONE HEME,civic,Vogelstein,FOUNDATION ONE	9
BCL2L12	oncogene		COSMIC	1
BCL3	fusion,oncogene	IGH	OncoKB Annotated,COSMIC,FOUNDATION ONE HEME,COSMIC CGC (v99)	4
BCL6	fusion,oncogene	TFRC,SRSF3,IL21R,IG loci,CIITA,RHOH,LCP1,HSPCB,POU2AF1,ZNFN1A1,PIM1,HIST1H4I,EIF4A2,HSP90AA1,NACA	MSK-IMPACT,COSMIC,MSK-HEME,COSMIC CGC (v99),OncoKB Annotated,FOUNDATION ONE HEME,FOUNDATION ONE	7
BCL7A	fusion,TSG	MYC	OncoKB Annotated,COSMIC,FOUNDATION ONE HEME,COSMIC CGC (v99)	4
BCL9	fusion,oncogene	IGL,IGH	OncoKB Annotated,COSMIC,FOUNDATION ONE HEME,COSMIC CGC (v99)	4
BCL9L	oncogene,TSG		COSMIC,COSMIC CGC (v99)	2
BCLAF1			COSMIC	1
BCOR	fusion,TSG	RARA	MSK-IMPACT,COSMIC,MSK-HEME,COSMIC CGC (v99),OncoKB Annotated,FOUNDATION ONE HEME,civic,Vogelstein,FOUNDATION ONE	9
BCORL1	oncogene,TSG		COSMIC,MSK-HEME,COSMIC CGC (v99),OncoKB Annotated,FOUNDATION ONE HEME,FOUNDATION ONE	6
BCR	fusion,oncogene	FGFR1,ABL1,JAK2	COSMIC,MSK-HEME,COSMIC CGC (v99),OncoKB Annotated,FOUNDATION ONE HEME,FOUNDATION ONE	6
BIRC3	fusion,oncogene,TSG	MALT1	MSK-IMPACT,COSMIC,MSK-HEME,COSMIC CGC (v99),OncoKB Annotated,FOUNDATION ONE HEME,civic	7
BIRC6	fusion,oncogene	ALK	COSMIC	1
BLM	TSG		MSK-IMPACT,COSMIC,MSK-HEME,COSMIC CGC (v99),OncoKB Annotated,FOUNDATION ONE HEME	6
BMP5			COSMIC	1
BMPR1A	oncogene,TSG		MSK-IMPACT,COSMIC,MSK-HEME,COSMIC CGC (v99),OncoKB Annotated	5
BRAF	fusion,oncogene	AGTRAP,SND1,FAM131B,AKAP9,SLC45A3,FCHSD1,RNF130,CLCN6,GNAI1,MKRN1,LSM14A,CEP88,KIAA1549	MSK-IMPACT,COSMIC,MSK-HEME,COSMIC CGC (v99),OncoKB Annotated,FOUNDATION ONE HEME,civic,Vogelstein,FOUNDATION ONE	9
BRCA1	TSG		MSK-IMPACT,COSMIC,MSK-HEME,COSMIC CGC (v99),OncoKB Annotated,FOUNDATION ONE HEME,civic,Vogelstein,FOUNDATION ONE	9
BRCA2	TSG		MSK-IMPACT,COSMIC,MSK-HEME,COSMIC CGC (v99),OncoKB Annotated,FOUNDATION ONE HEME,civic,Vogelstein,FOUNDATION ONE	9
BRD3	fusion,oncogene	NUTM1	OncoKB Annotated,COSMIC,COSMIC CGC (v99)	3
BRD4	fusion,oncogene	NUTM1	MSK-IMPACT,COSMIC,MSK-HEME,COSMIC CGC (v99),OncoKB Annotated,FOUNDATION ONE HEME,FOUNDATION ONE	7
BRIP1	TSG		MSK-IMPACT,COSMIC,MSK-HEME,COSMIC CGC (v99),OncoKB Annotated,FOUNDATION ONE HEME,civic,FOUNDATION ONE	8
BTG1	fusion,TSG	MYC	COSMIC,MSK-HEME,COSMIC CGC (v99),OncoKB Annotated,FOUNDATION ONE HEME,FOUNDATION ONE	6
BTG2	TSG		OncoKB Annotated,COSMIC,FOUNDATION ONE HEME,FOUNDATION ONE	4
BTK	oncogene,TSG		MSK-IMPACT,COSMIC,MSK-HEME,COSMIC CGC (v99),OncoKB Annotated,FOUNDATION ONE HEME,civic,FOUNDATION ONE	8
BUB1B	oncogene,TSG		OncoKB Annotated,COSMIC,COSMIC CGC (v99)	3
C15orf65	fusion	CIITA	COSMIC	1
CACNA1D	oncogene		OncoKB Annotated,COSMIC,COSMIC CGC (v99)	3
CALR	oncogene		MSK-IMPACT,COSMIC,MSK-HEME,COSMIC CGC (v99),OncoKB Annotated,FOUNDATION ONE HEME,civic,FOUNDATION ONE	8
CAMTA1	fusion,TSG	WWTR1	OncoKB Annotated,COSMIC,FOUNDATION ONE HEME,COSMIC CGC (v99)	4
CANT1	fusion,oncogene	ETV4	OncoKB Annotated,COSMIC,COSMIC CGC (v99)	3
CARD11	oncogene		MSK-IMPACT,COSMIC,MSK-HEME,COSMIC CGC (v99),OncoKB Annotated,FOUNDATION ONE HEME,Vogelstein,FOUNDATION ONE	8
CARS	fusion,TSG	ALK	COSMIC	1
CASP3	TSG		COSMIC	1
CASP8	TSG		MSK-IMPACT,COSMIC,MSK-HEME,COSMIC CGC (v99),OncoKB Annotated,civic,Vogelstein,FOUNDATION ONE	8
CASP9	TSG		COSMIC	1
CBFA2T3	fusion,TSG	GLIS2,RUNX1	OncoKB Annotated,COSMIC,FOUNDATION ONE HEME,COSMIC CGC (v99)	4
CBFB	fusion,TSG	MYH11	MSK-IMPACT,COSMIC,MSK-HEME,COSMIC CGC (v99),OncoKB Annotated,FOUNDATION ONE HEME,FOUNDATION ONE	7
CBL	fusion,oncogene,TSG	KMT2A	MSK-IMPACT,COSMIC,MSK-HEME,COSMIC CGC (v99),OncoKB Annotated,FOUNDATION ONE HEME,civic,Vogelstein,FOUNDATION ONE	9
CBLB	TSG		OncoKB Annotated,COSMIC,COSMIC CGC (v99),civic	4
CBLC			COSMIC,COSMIC CGC (v99),civic	3
CCDC6	fusion,TSG	PDGFRB,RET	COSMIC,COSMIC CGC (v99)	2
CCNB1IP1	fusion,TSG	HMGA2	COSMIC,COSMIC CGC (v99)	2
CCNC	TSG		COSMIC	1
CCND1	fusion,oncogene	FSTL3,IGH	MSK-IMPACT,COSMIC,MSK-HEME,COSMIC CGC (v99),OncoKB Annotated,FOUNDATION ONE HEME,civic,FOUNDATION ONE	8
CCND2	fusion,oncogene	IGL	MSK-IMPACT,COSMIC,MSK-HEME,COSMIC CGC (v99),OncoKB Annotated,FOUNDATION ONE HEME,civic,FOUNDATION ONE	8
CCND3	fusion,oncogene	IGH	MSK-IMPACT,COSMIC,MSK-HEME,COSMIC CGC (v99),OncoKB Annotated,FOUNDATION ONE HEME,civic,FOUNDATION ONE	8
CCNE1	oncogene		MSK-IMPACT,COSMIC,MSK-HEME,COSMIC CGC (v99),OncoKB Annotated,FOUNDATION ONE HEME,civic,FOUNDATION ONE	8
CCR4	oncogene		COSMIC	1
CCR7	oncogene		COSMIC	1
CD209			COSMIC	1
CD274	fusion,oncogene,TSG	CIITA	MSK-IMPACT,COSMIC,MSK-HEME,COSMIC CGC (v99),OncoKB Annotated,FOUNDATION ONE HEME,civic,FOUNDATION ONE	8
CD28	oncogene		OncoKB Annotated,COSMIC,MSK-HEME	3
CD74	fusion,oncogene	NRG1,ROS1	OncoKB Annotated,COSMIC,COSMIC CGC (v99),FOUNDATION ONE	4
CD79A	oncogene		MSK-IMPACT,COSMIC,MSK-HEME,COSMIC CGC (v99),OncoKB Annotated,FOUNDATION ONE HEME,FOUNDATION ONE	7
CD79B	oncogene		MSK-IMPACT,COSMIC,MSK-HEME,COSMIC CGC (v99),OncoKB Annotated,FOUNDATION ONE HEME,FOUNDATION ONE	7
CDC73	TSG		MSK-IMPACT,COSMIC,MSK-HEME,COSMIC CGC (v99),OncoKB Annotated,FOUNDATION ONE HEME,Vogelstein,FOUNDATION ONE	8
CDH1	TSG		MSK-IMPACT,COSMIC,MSK-HEME,COSMIC CGC (v99),OncoKB Annotated,FOUNDATION ONE HEME,civic,Vogelstein,FOUNDATION ONE	9
CDH10	TSG		COSMIC	1
CDH11	fusion,oncogene,TSG	USP6	OncoKB Annotated,COSMIC,COSMIC CGC (v99)	3
CDH17	oncogene		COSMIC	1
CDK12	TSG		MSK-IMPACT,COSMIC,MSK-HEME,COSMIC CGC (v99),OncoKB Annotated,FOUNDATION ONE HEME,civic,FOUNDATION ONE	8
CDK4	oncogene		MSK-IMPACT,COSMIC,MSK-HEME,COSMIC CGC (v99),OncoKB Annotated,FOUNDATION ONE HEME,civic,FOUNDATION ONE	8
CDK6	fusion,oncogene	MLLT10	MSK-IMPACT,COSMIC,MSK-HEME,COSMIC CGC (v99),OncoKB Annotated,FOUNDATION ONE HEME,civic,FOUNDATION ONE	8
CDKN1A	oncogene,TSG		MSK-IMPACT,COSMIC,MSK-HEME,OncoKB Annotated,civic,FOUNDATION ONE	6
CDKN1B	TSG		MSK-IMPACT,COSMIC,MSK-HEME,COSMIC CGC (v99),OncoKB Annotated,FOUNDATION ONE HEME,civic,FOUNDATION ONE	8
CDKN2A	TSG		MSK-IMPACT,COSMIC,MSK-HEME,COSMIC CGC (v99),OncoKB Annotated,FOUNDATION ONE HEME,civic,Vogelstein,FOUNDATION ONE	9
CDKN2C	TSG		MSK-IMPACT,COSMIC,MSK-HEME,COSMIC CGC (v99),OncoKB Annotated,FOUNDATION ONE HEME,FOUNDATION ONE	7
CDX2	fusion,TSG	ETV6	FOUNDATION ONE HEME,COSMIC,COSMIC CGC (v99),civic	4
CEBPA	TSG		MSK-IMPACT,COSMIC,MSK-HEME,COSMIC CGC (v99),OncoKB Annotated,FOUNDATION ONE HEME,civic,Vogelstein,FOUNDATION ONE	9
CEP89	fusion	BRAF	COSMIC	1
CHCHD7	fusion	PLAG1	COSMIC,COSMIC CGC (v99)	2
CHD2	TSG		OncoKB Annotated,COSMIC,FOUNDATION ONE HEME	3
CHD4	oncogene		OncoKB Annotated,COSMIC,COSMIC CGC (v99)	3
CHEK2	TSG		MSK-IMPACT,COSMIC,MSK-HEME,COSMIC CGC (v99),OncoKB Annotated,FOUNDATION ONE HEME,civic,FOUNDATION ONE	8
CHIC2	fusion	ETV6	FOUNDATION ONE HEME,COSMIC	2
CHST11	fusion,oncogene		COSMIC	1
CIC	fusion,oncogene,TSG	FOXO4,DUX4L1	MSK-IMPACT,COSMIC,MSK-HEME,COSMIC CGC (v99),OncoKB Annotated,FOUNDATION ONE HEME,Vogelstein,FOUNDATION ONE	8
CIITA	fusion,TSG	PDCD1LG2,RUNDC2A,CD274,BCL6,C15orf55,RMI2,RALGDS	COSMIC,MSK-HEME,COSMIC CGC (v99),OncoKB Annotated,FOUNDATION ONE HEME	5
CLIP1	fusion	ROS1	COSMIC,COSMIC CGC (v99)	2
CLP1	fusion	KMT2A	FOUNDATION ONE HEME,COSMIC	2
CLTC	fusion,TSG	TFE3,ALK	FOUNDATION ONE HEME,COSMIC,COSMIC CGC (v99)	3
CLTCL1	fusion,TSG	?	OncoKB Annotated,COSMIC,FOUNDATION ONE HEME,COSMIC CGC (v99)	4
CNBD1			COSMIC	1
CNBP	fusion,TSG	USP6	COSMIC,COSMIC CGC (v99)	2
CNOT3	TSG		COSMIC,COSMIC CGC (v99)	2
CNTNAP2	TSG		COSMIC	1
CNTRL	fusion	FGFR1	OncoKB Annotated,COSMIC,FOUNDATION ONE HEME,COSMIC CGC (v99)	4
COL1A1	fusion,oncogene	PDGFB,USP6	OncoKB Annotated,COSMIC,FOUNDATION ONE HEME,COSMIC CGC (v99)	4
COL2A1	fusion,TSG	GMEB1,TANC2,TMEM106C,LOC101927502,LINC00513,PPP1R42	OncoKB Annotated,COSMIC,COSMIC CGC (v99)	3
COL3A1	fusion	PLAG1	COSMIC	1
COX6C	fusion	HMGA2	COSMIC	1
CPEB3	TSG		COSMIC	1
CREB1	fusion,oncogene	EWSR1	OncoKB Annotated,COSMIC,COSMIC CGC (v99)	3
CREB3L1	fusion,TSG	FUS	FOUNDATION ONE HEME,COSMIC,COSMIC CGC (v99)	3
CREB3L2	fusion,oncogene	FUS	OncoKB Annotated,COSMIC,FOUNDATION ONE HEME,COSMIC CGC (v99)	4
CREBBP	fusion,oncogene,TSG	KMT2A,KAT6A,MORF	MSK-IMPACT,COSMIC,MSK-HEME,COSMIC CGC (v99),OncoKB Annotated,FOUNDATION ONE HEME,Vogelstein,FOUNDATION ONE	8
CRLF2	fusion,oncogene	P2RY8,IGH	MSK-IMPACT,COSMIC,MSK-HEME,COSMIC CGC (v99),OncoKB Annotated,FOUNDATION ONE HEME,Vogelstein	7
CRNKL1			COSMIC	1
CRTC1	fusion,oncogene	MAML2	OncoKB Annotated,COSMIC,COSMIC CGC (v99)	3
CRTC3	fusion	MAML2	COSMIC,COSMIC CGC (v99)	2
CSF1R	oncogene		MSK-IMPACT,COSMIC,MSK-HEME,OncoKB Annotated,FOUNDATION ONE HEME,Vogelstein,FOUNDATION ONE	7
CSF3R	oncogene		MSK-IMPACT,COSMIC,MSK-HEME,COSMIC CGC (v99),OncoKB Annotated,FOUNDATION ONE HEME,civic,FOUNDATION ONE	8
CSMD3	TSG		COSMIC	1
CTCF	TSG		MSK-IMPACT,COSMIC,MSK-HEME,COSMIC CGC (v99),OncoKB Annotated,FOUNDATION ONE HEME,civic,FOUNDATION ONE	8
CTNNA1	fusion,TSG	RAF1	OncoKB Annotated,COSMIC,FOUNDATION ONE HEME,FOUNDATION ONE	4
CTNNA2	oncogene		COSMIC	1
CTNNB1	fusion,oncogene	PLAG1	MSK-IMPACT,COSMIC,MSK-HEME,COSMIC CGC (v99),OncoKB Annotated,FOUNDATION ONE HEME,civic,Vogelstein,FOUNDATION ONE	9
CTNND1			COSMIC	1
CTNND2	oncogene		COSMIC	1
CUL3	TSG		MSK-IMPACT,COSMIC,MSK-HEME,OncoKB Annotated,FOUNDATION ONE	5
CUX1	oncogene,TSG	CLDN7	COSMIC,MSK-HEME,COSMIC CGC (v99),OncoKB Annotated,FOUNDATION ONE HEME	5
CXCR4	oncogene		MSK-IMPACT,COSMIC,MSK-HEME,COSMIC CGC (v99),OncoKB Annotated,FOUNDATION ONE HEME,civic,FOUNDATION ONE	8
CYLD	TSG		MSK-IMPACT,COSMIC,MSK-HEME,COSMIC CGC (v99),OncoKB Annotated,Vogelstein	6
CYP2C8			COSMIC	1
CYSLTR2	oncogene		MSK-IMPACT,OncoKB Annotated,COSMIC,MSK-HEME	4
DAXX	oncogene,TSG		MSK-IMPACT,COSMIC,MSK-HEME,COSMIC CGC (v99),OncoKB Annotated,FOUNDATION ONE HEME,Vogelstein,FOUNDATION ONE	8
DCAF12L2			COSMIC	1
DCC			COSMIC,civic	2
DCTN1	fusion	ROS1,ALK	COSMIC,COSMIC CGC (v99)	2
DDB2	oncogene,TSG		OncoKB Annotated,COSMIC,COSMIC CGC (v99)	3
DDIT3	fusion,oncogene	FUS,EWSR1	OncoKB Annotated,COSMIC,FOUNDATION ONE HEME,COSMIC CGC (v99)	4
DDR2	oncogene		MSK-IMPACT,COSMIC,MSK-HEME,COSMIC CGC (v99),OncoKB Annotated,FOUNDATION ONE HEME,civic,FOUNDATION ONE	8
DDX10	fusion,TSG	NUP98	FOUNDATION ONE HEME,COSMIC,COSMIC CGC (v99)	3
DDX3X	TSG		COSMIC,MSK-HEME,COSMIC CGC (v99),OncoKB Annotated,FOUNDATION ONE HEME	5
DDX5	fusion,oncogene	ETV4	OncoKB Annotated,COSMIC,COSMIC CGC (v99)	3
DDX6	fusion,oncogene	IGH	FOUNDATION ONE HEME,COSMIC,COSMIC CGC (v99)	3
DEK	fusion,oncogene	NUP214	OncoKB Annotated,COSMIC,FOUNDATION ONE HEME,COSMIC CGC (v99)	4
DGCR8	oncogene		COSMIC	1
DICER1	TSG		MSK-IMPACT,COSMIC,MSK-HEME,COSMIC CGC (v99),OncoKB Annotated,civic	6
DNAJB1	fusion	PRKACA	MSK-IMPACT,COSMIC,MSK-HEME,COSMIC CGC (v99),OncoKB Annotated	5
DNM2	oncogene,TSG		OncoKB Annotated,COSMIC,FOUNDATION ONE HEME,COSMIC CGC (v99)	4
DNMT3A	TSG		MSK-IMPACT,COSMIC,MSK-HEME,COSMIC CGC (v99),OncoKB Annotated,FOUNDATION ONE HEME,civic,Vogelstein,FOUNDATION ONE	9
DROSHA	TSG		MSK-IMPACT,COSMIC,MSK-HEME,COSMIC CGC (v99),OncoKB Annotated	5
EBF1	fusion,TSG	HMGA2	OncoKB Annotated,COSMIC,FOUNDATION ONE HEME,COSMIC CGC (v99)	4
ECT2L	TSG		OncoKB Annotated,COSMIC,FOUNDATION ONE HEME	3
EED	TSG		MSK-IMPACT,COSMIC,MSK-HEME,OncoKB Annotated,FOUNDATION ONE HEME,FOUNDATION ONE	6
EGFR	oncogene		MSK-IMPACT,COSMIC,MSK-HEME,COSMIC CGC (v99),OncoKB Annotated,FOUNDATION ONE HEME,civic,Vogelstein,FOUNDATION ONE	9
EIF1AX			MSK-IMPACT,COSMIC,MSK-HEME,OncoKB Annotated,civic	5
EIF3E	fusion,TSG	RSPO3	OncoKB Annotated,COSMIC,COSMIC CGC (v99)	3
EIF4A2	fusion,oncogene	BCL6	MSK-IMPACT,COSMIC,MSK-HEME,COSMIC CGC (v99),OncoKB Annotated,FOUNDATION ONE HEME	6
ELF3	oncogene,TSG		MSK-IMPACT,OncoKB Annotated,COSMIC,MSK-HEME	4
ELF4	fusion,oncogene,TSG	ERG	OncoKB Annotated,COSMIC,FOUNDATION ONE HEME,COSMIC CGC (v99)	4
ELK4	fusion,oncogene	SLC45A3	OncoKB Annotated,COSMIC,COSMIC CGC (v99)	3
ELL	fusion,oncogene,TSG	KMT2A	OncoKB Annotated,COSMIC,FOUNDATION ONE HEME,COSMIC CGC (v99)	4
ELN	fusion,oncogene	PAX5	OncoKB Annotated,COSMIC,FOUNDATION ONE HEME	3
EML4	fusion,oncogene	ALK	OncoKB Annotated,COSMIC,FOUNDATION ONE HEME,COSMIC CGC (v99)	4
EP300	fusion,TSG	KMT2A,KAT6A	MSK-IMPACT,COSMIC,MSK-HEME,COSMIC CGC (v99),OncoKB Annotated,FOUNDATION ONE HEME,Vogelstein,FOUNDATION ONE	8
EPAS1	oncogene,TSG		MSK-IMPACT,COSMIC,MSK-HEME,COSMIC CGC (v99),OncoKB Annotated,civic	6
EPHA3	TSG		MSK-IMPACT,COSMIC,MSK-HEME,OncoKB Annotated,FOUNDATION ONE HEME,FOUNDATION ONE	6
EPHA7	oncogene,TSG		MSK-IMPACT,COSMIC,MSK-HEME,OncoKB Annotated,FOUNDATION ONE HEME	5
EPS15	fusion,TSG	KMT2A	FOUNDATION ONE HEME,COSMIC,COSMIC CGC (v99)	3
ERBB2	fusion,oncogene		MSK-IMPACT,COSMIC,MSK-HEME,COSMIC CGC (v99),OncoKB Annotated,FOUNDATION ONE HEME,civic,Vogelstein,FOUNDATION ONE	9
ERBB3	oncogene		MSK-IMPACT,COSMIC,MSK-HEME,COSMIC CGC (v99),OncoKB Annotated,FOUNDATION ONE HEME,civic,FOUNDATION ONE	8
ERBB4	oncogene,TSG		MSK-IMPACT,COSMIC,MSK-HEME,COSMIC CGC (v99),OncoKB Annotated,FOUNDATION ONE HEME,civic,FOUNDATION ONE	8
ERC1	fusion,oncogene	RET,ROS1	OncoKB Annotated,COSMIC,COSMIC CGC (v99)	3
ERCC2	TSG		MSK-IMPACT,COSMIC,MSK-HEME,COSMIC CGC (v99),OncoKB Annotated,civic	6
ERCC3	TSG		MSK-IMPACT,COSMIC,MSK-HEME,COSMIC CGC (v99),OncoKB Annotated	5
ERCC4	TSG		MSK-IMPACT,COSMIC,MSK-HEME,COSMIC CGC (v99),OncoKB Annotated,FOUNDATION ONE	6
ERCC5	TSG		MSK-IMPACT,COSMIC,MSK-HEME,COSMIC CGC (v99),OncoKB Annotated,civic	6
ERG	fusion,oncogene	FUS,ELF4,NDRG1,HERPUD1,TMPRSS2,EWSR1	MSK-IMPACT,COSMIC,MSK-HEME,COSMIC CGC (v99),OncoKB Annotated,FOUNDATION ONE HEME,FOUNDATION ONE	7
ESR1	fusion,oncogene,TSG		MSK-IMPACT,COSMIC,MSK-HEME,COSMIC CGC (v99),OncoKB Annotated,FOUNDATION ONE HEME,civic,FOUNDATION ONE	8
ETNK1	TSG		OncoKB Annotated,COSMIC,MSK-HEME,COSMIC CGC (v99)	4
ETV1	fusion,oncogene	HMGN2P46,SLC45A3,HNRNPA2B1. ACSL3,TMPRSS2,EWSR1	MSK-IMPACT,COSMIC,MSK-HEME,COSMIC CGC (v99),OncoKB Annotated,FOUNDATION ONE HEME	6
ETV4	fusion,oncogene	CANT1,DDX5,EWSR1,TMPRSS2,KLK2	COSMIC,COSMIC CGC (v99),OncoKB Annotated,FOUNDATION ONE HEME,civic,FOUNDATION ONE	6
ETV5	fusion,oncogene	SCL45A3,TMPRSS2	COSMIC,COSMIC CGC (v99),OncoKB Annotated,FOUNDATION ONE HEME,FOUNDATION ONE	5
ETV6	fusion,TSG	ABL2,PER1,MDS2,NTRK3,ARNT,MECOM,SYK,PAX5,RUNX1,FGFR3,ACSL6,MNX1,JAK2,ABL1,CHIC2,PDGFRB,CDX2,RNF217-AS1,MN1,TTL	MSK-IMPACT,COSMIC,MSK-HEME,COSMIC CGC (v99),OncoKB Annotated,FOUNDATION ONE HEME,FOUNDATION ONE	7
EWSR1	fusion,oncogene	FEV,ERG,CREB1,ZNF444,ETV4,NFATC1,NR4A3,ATF1,DDIT3,PATZ1,SP3,ETV1,FLI1,POU5F1,SMARCA5,ZNF384,NFATC2,PBX1,WT1,YY1	COSMIC,COSMIC CGC (v99),OncoKB Annotated,FOUNDATION ONE HEME,FOUNDATION ONE	5
EXT1	fusion,TSG		OncoKB Annotated,COSMIC,COSMIC CGC (v99)	3
EXT2	TSG		COSMIC,COSMIC CGC (v99)	2
EZH2	oncogene,TSG		MSK-IMPACT,COSMIC,MSK-HEME,COSMIC CGC (v99),OncoKB Annotated,FOUNDATION ONE HEME,civic,Vogelstein,FOUNDATION ONE	9
EZR	fusion	ROS1	COSMIC,COSMIC CGC (v99),FOUNDATION ONE	3
FADD			COSMIC	1
FAM131B	fusion	BRAF	COSMIC	1
FAM135B			COSMIC	1
FAM47C			COSMIC	1
FANCA	TSG		MSK-IMPACT,COSMIC,MSK-HEME,COSMIC CGC (v99),OncoKB Annotated,FOUNDATION ONE HEME,FOUNDATION ONE	7
FANCC	TSG		MSK-IMPACT,COSMIC,MSK-HEME,COSMIC CGC (v99),OncoKB Annotated,FOUNDATION ONE HEME,civic,FOUNDATION ONE	8
FANCD2	TSG		COSMIC,MSK-HEME,COSMIC CGC (v99),OncoKB Annotated,FOUNDATION ONE HEME	5
FANCE	TSG		OncoKB Annotated,COSMIC,FOUNDATION ONE HEME,COSMIC CGC (v99)	4
FANCF	TSG		OncoKB Annotated,COSMIC,FOUNDATION ONE HEME,COSMIC CGC (v99)	4
FANCG	TSG		COSMIC,COSMIC CGC (v99),OncoKB Annotated,FOUNDATION ONE HEME,FOUNDATION ONE	5
FAS	TSG		COSMIC,MSK-HEME,COSMIC CGC (v99),OncoKB Annotated,FOUNDATION ONE HEME,FOUNDATION ONE	6
FAT1	TSG		MSK-IMPACT,COSMIC,MSK-HEME,COSMIC CGC (v99),OncoKB Annotated	5
FAT3			COSMIC	1
FAT4	TSG		COSMIC,COSMIC CGC (v99)	2
FBLN2	TSG		COSMIC	1
FBXO11	TSG		COSMIC,MSK-HEME,COSMIC CGC (v99),OncoKB Annotated,FOUNDATION ONE HEME	5
FBXW7	TSG		MSK-IMPACT,COSMIC,MSK-HEME,COSMIC CGC (v99),OncoKB Annotated,FOUNDATION ONE HEME,civic,Vogelstein,FOUNDATION ONE	9
FCGR2B	fusion,oncogene	?	FOUNDATION ONE HEME,COSMIC,COSMIC CGC (v99),civic	4
FCRL4	fusion,oncogene	IGH	FOUNDATION ONE HEME,COSMIC,COSMIC CGC (v99)	3
FEN1	TSG		COSMIC	1
FES	oncogene,TSG		OncoKB Annotated,COSMIC,COSMIC CGC (v99)	3
FEV	fusion,oncogene	FUS,EWSR1	OncoKB Annotated,COSMIC,FOUNDATION ONE HEME,COSMIC CGC (v99)	4
FGFR1	fusion,oncogene	BCR,PLAG1,ZMYM2,FOP,CNTRL	MSK-IMPACT,COSMIC,MSK-HEME,COSMIC CGC (v99),OncoKB Annotated,FOUNDATION ONE HEME,civic,FOUNDATION ONE	8
FGFR1OP	fusion	FGFR1	COSMIC	1
FGFR2	fusion,oncogene		MSK-IMPACT,COSMIC,MSK-HEME,COSMIC CGC (v99),OncoKB Annotated,FOUNDATION ONE HEME,civic,Vogelstein,FOUNDATION ONE	9
FGFR3	fusion,oncogene	ETV6,IGH	MSK-IMPACT,COSMIC,MSK-HEME,COSMIC CGC (v99),OncoKB Annotated,FOUNDATION ONE HEME,civic,Vogelstein,FOUNDATION ONE	9
FGFR4	oncogene		MSK-IMPACT,COSMIC,MSK-HEME,COSMIC CGC (v99),OncoKB Annotated,FOUNDATION ONE HEME,FOUNDATION ONE	7
FH	TSG		MSK-IMPACT,COSMIC,MSK-HEME,COSMIC CGC (v99),OncoKB Annotated,FOUNDATION ONE	6
FHIT	fusion,TSG	HMGA2	OncoKB Annotated,COSMIC,FOUNDATION ONE HEME,COSMIC CGC (v99)	4
FIP1L1	fusion	PDGFRA	COSMIC,COSMIC CGC (v99)	2
FKBP9			COSMIC	1
FLCN	TSG		MSK-IMPACT,COSMIC,MSK-HEME,COSMIC CGC (v99),OncoKB Annotated,FOUNDATION ONE HEME,civic,FOUNDATION ONE	8
FLI1	fusion,oncogene	EWSR1	OncoKB Annotated,COSMIC,FOUNDATION ONE HEME,COSMIC CGC (v99)	4
FLNA			COSMIC	1
FLT3	oncogene		MSK-IMPACT,COSMIC,MSK-HEME,COSMIC CGC (v99),OncoKB Annotated,FOUNDATION ONE HEME,civic,Vogelstein,FOUNDATION ONE	9
FLT4	oncogene		MSK-IMPACT,COSMIC,MSK-HEME,COSMIC CGC (v99),OncoKB Annotated,FOUNDATION ONE HEME	6
FNBP1	fusion	KMT2A	FOUNDATION ONE HEME,COSMIC	2
FOXA1	oncogene,TSG		MSK-IMPACT,COSMIC,MSK-HEME,COSMIC CGC (v99),OncoKB Annotated	5
FOXL2	oncogene,TSG		MSK-IMPACT,COSMIC,MSK-HEME,COSMIC CGC (v99),OncoKB Annotated,FOUNDATION ONE HEME,civic,Vogelstein,FOUNDATION ONE	9
FOXO1	fusion,oncogene,TSG	PAX3,PAX7	MSK-IMPACT,COSMIC,MSK-HEME,COSMIC CGC (v99),OncoKB Annotated,FOUNDATION ONE HEME	6
FOXO3	fusion,oncogene,TSG	KMT2A	OncoKB Annotated,COSMIC,FOUNDATION ONE HEME,COSMIC CGC (v99)	4
FOXO4	fusion,oncogene,TSG	CIC,KMT2A	FOUNDATION ONE HEME,COSMIC,COSMIC CGC (v99)	3
FOXP1	fusion,oncogene,TSG	PAX5	MSK-IMPACT,COSMIC,MSK-HEME,COSMIC CGC (v99),OncoKB Annotated,FOUNDATION ONE HEME,civic	7
FOXR1	fusion,oncogene		COSMIC	1
FSTL3	fusion,oncogene	CCND1	FOUNDATION ONE HEME,COSMIC,COSMIC CGC (v99)	3
FUBP1	oncogene,TSG		MSK-IMPACT,COSMIC,MSK-HEME,COSMIC CGC (v99),OncoKB Annotated,Vogelstein,FOUNDATION ONE	7
FUS	fusion,oncogene,TSG	CREB3L1,FEV,CREB3L2,ERG,ATF1,DDIT3,NFATC2	OncoKB Annotated,COSMIC,FOUNDATION ONE HEME,COSMIC CGC (v99)	4
GAS7	fusion	KMT2A	FOUNDATION ONE HEME,COSMIC,COSMIC CGC (v99)	3
GATA1	oncogene,TSG		MSK-IMPACT,COSMIC,MSK-HEME,COSMIC CGC (v99),OncoKB Annotated,FOUNDATION ONE HEME,Vogelstein	7
GATA2	oncogene,TSG		MSK-IMPACT,COSMIC,MSK-HEME,COSMIC CGC (v99),OncoKB Annotated,FOUNDATION ONE HEME,civic,Vogelstein	8
GATA3	oncogene,TSG		MSK-IMPACT,COSMIC,MSK-HEME,COSMIC CGC (v99),OncoKB Annotated,FOUNDATION ONE HEME,Vogelstein,FOUNDATION ONE	8
GLI1	fusion,oncogene		MSK-IMPACT,COSMIC,MSK-HEME,OncoKB Annotated,FOUNDATION ONE HEME	5
GMPS	fusion	KMT2A	FOUNDATION ONE HEME,COSMIC	2
GNA11	oncogene		MSK-IMPACT,COSMIC,MSK-HEME,COSMIC CGC (v99),OncoKB Annotated,FOUNDATION ONE HEME,civic,Vogelstein,FOUNDATION ONE	9
GNAQ	oncogene		MSK-IMPACT,COSMIC,MSK-HEME,COSMIC CGC (v99),OncoKB Annotated,FOUNDATION ONE HEME,civic,Vogelstein,FOUNDATION ONE	9
GNAS	oncogene		MSK-IMPACT,COSMIC,MSK-HEME,COSMIC CGC (v99),OncoKB Annotated,FOUNDATION ONE HEME,civic,Vogelstein,FOUNDATION ONE	9
GOLGA5	fusion	RET	COSMIC,COSMIC CGC (v99)	2
GOLPH3			COSMIC	1
GOPC	fusion	ROS1	COSMIC,COSMIC CGC (v99)	2
GPC3	oncogene,TSG		OncoKB Annotated,COSMIC,COSMIC CGC (v99)	3
GPC5	TSG		COSMIC	1
GPHN	fusion	KMT2A	FOUNDATION ONE HEME,COSMIC,COSMIC CGC (v99)	3
GRIN2A	TSG		MSK-IMPACT,COSMIC,MSK-HEME,COSMIC CGC (v99),OncoKB Annotated,FOUNDATION ONE HEME	6
GRM3	oncogene		OncoKB Annotated,COSMIC,FOUNDATION ONE	3
GSK3B	oncogene		MSK-IMPACT,COSMIC,MSK-HEME,OncoKB Annotated,FOUNDATION ONE HEME,FOUNDATION ONE	6
GTF2I	oncogene		OncoKB Annotated,COSMIC,MSK-HEME	3
H3F3A	oncogene		COSMIC	1
H3F3B	oncogene		COSMIC	1
HERPUD1	fusion	ERG	FOUNDATION ONE HEME,COSMIC,COSMIC CGC (v99)	3
HEY1	fusion,oncogene	NCOA2	FOUNDATION ONE HEME,COSMIC,COSMIC CGC (v99)	3
HGF	fusion,oncogene	CACNA2D1	MSK-IMPACT,COSMIC,MSK-HEME,COSMIC CGC (v99),OncoKB Annotated,FOUNDATION ONE HEME,civic,FOUNDATION ONE	8
HIF1A	oncogene		COSMIC,MSK-HEME,COSMIC CGC (v99),OncoKB Annotated,civic	5
HIP1	fusion,oncogene	PDGFRB,ALK	FOUNDATION ONE HEME,COSMIC,COSMIC CGC (v99)	3
HIST1H3B	oncogene		COSMIC	1
HIST1H4I	fusion	BCL6	COSMIC	1
HLA-A	fusion,TSG	ROS1	MSK-IMPACT,COSMIC,MSK-HEME,COSMIC CGC (v99),OncoKB Annotated	5
HLF	fusion,oncogene	TCF3	FOUNDATION ONE HEME,COSMIC,COSMIC CGC (v99)	3
HMGA1	fusion,oncogene	?	OncoKB Annotated,COSMIC,FOUNDATION ONE HEME,COSMIC CGC (v99)	4
HMGA2	fusion,oncogene	NFIB,LPP,FHIT,RAD51B,ALDH2,WIF1,LHFP,COX6C,CCNB1IP1,EBF1,ACKR3	OncoKB Annotated,COSMIC,FOUNDATION ONE HEME,COSMIC CGC (v99)	4
HMGN2P46	fusion	ETV1	COSMIC	1
HNF1A	TSG		MSK-IMPACT,COSMIC,MSK-HEME,COSMIC CGC (v99),OncoKB Annotated,FOUNDATION ONE HEME,Vogelstein,FOUNDATION ONE	8
HNRNPA2B1	fusion,oncogene	ETV1	COSMIC,COSMIC CGC (v99)	2
HOOK3	fusion	RET	COSMIC,COSMIC CGC (v99)	2
HOXA11	fusion,oncogene,TSG	NUP98	OncoKB Annotated,COSMIC,FOUNDATION ONE HEME,COSMIC CGC (v99)	4
HOXA13	fusion,oncogene	NUP98	FOUNDATION ONE HEME,COSMIC,COSMIC CGC (v99)	3
HOXA9	fusion,oncogene,TSG	MSI2,NUP98	FOUNDATION ONE HEME,COSMIC,COSMIC CGC (v99)	3
HOXC11	fusion,oncogene	NUP98	FOUNDATION ONE HEME,COSMIC,COSMIC CGC (v99)	3
HOXC13	fusion,oncogene	NUP98	FOUNDATION ONE HEME,COSMIC,COSMIC CGC (v99)	3
HOXD11	fusion,oncogene	NUP98	FOUNDATION ONE HEME,COSMIC,COSMIC CGC (v99)	3
HOXD13	fusion,oncogene	NUP98	FOUNDATION ONE HEME,COSMIC,COSMIC CGC (v99)	3
HRAS	oncogene		MSK-IMPACT,COSMIC,MSK-HEME,COSMIC CGC (v99),OncoKB Annotated,FOUNDATION ONE HEME,civic,Vogelstein,FOUNDATION ONE	9
HSP90AA1	fusion,oncogene	BCL6	OncoKB Annotated,COSMIC,FOUNDATION ONE HEME,COSMIC CGC (v99)	4
HSP90AB1	fusion	BCL6	FOUNDATION ONE HEME,COSMIC,COSMIC CGC (v99)	3
ID3	TSG		MSK-IMPACT,COSMIC,MSK-HEME,OncoKB Annotated,FOUNDATION ONE HEME,FOUNDATION ONE	6
IDH1	oncogene		MSK-IMPACT,COSMIC,MSK-HEME,COSMIC CGC (v99),OncoKB Annotated,FOUNDATION ONE HEME,civic,Vogelstein,FOUNDATION ONE	9
IDH2	oncogene		MSK-IMPACT,COSMIC,MSK-HEME,COSMIC CGC (v99),OncoKB Annotated,FOUNDATION ONE HEME,civic,Vogelstein,FOUNDATION ONE	9
IGF2BP2	TSG		COSMIC	1
IGH	fusion	CRLF2,BCL11A. LHX4,FGFR3,FCRL4,MYC,IRF4,BCL9,BCL6,CCND1,PAX5,DDX6,BCL3,PAFAH1B2,PCSK7,BCL10,NFKB2,BCL2,BCL8	FOUNDATION ONE HEME,COSMIC,COSMIC CGC (v99)	3
IGK	fusion	MYC,KDSR	FOUNDATION ONE HEME,COSMIC,COSMIC CGC (v99)	3
IGL	fusion	CCND2,MYC,BCL9	FOUNDATION ONE HEME,COSMIC,COSMIC CGC (v99)	3
IKBKB	oncogene		COSMIC,COSMIC CGC (v99)	2
IKZF1	fusion,TSG	BCL6	MSK-IMPACT,COSMIC,MSK-HEME,COSMIC CGC (v99),OncoKB Annotated,FOUNDATION ONE HEME,civic,FOUNDATION ONE	8
IKZF3	fusion,oncogene,TSG	VAPB,NAGLU	COSMIC,MSK-HEME,COSMIC CGC (v99),OncoKB Annotated,FOUNDATION ONE HEME	5
IL2	fusion	TNFRSF17	COSMIC,COSMIC CGC (v99)	2
IL21R	fusion	BCL6	FOUNDATION ONE HEME,COSMIC,COSMIC CGC (v99)	3
IL6ST	oncogene		OncoKB Annotated,COSMIC,COSMIC CGC (v99)	3
IL7R	oncogene		MSK-IMPACT,COSMIC,MSK-HEME,COSMIC CGC (v99),OncoKB Annotated,FOUNDATION ONE HEME	6
IRF4	fusion,oncogene,TSG	IGH	MSK-IMPACT,COSMIC,MSK-HEME,COSMIC CGC (v99),OncoKB Annotated,FOUNDATION ONE HEME,FOUNDATION ONE	7
IRS4	oncogene,TSG	TRB	COSMIC,COSMIC CGC (v99)	2
ISX			COSMIC	1
ITGAV			COSMIC	1
ITK	fusion	SYK	FOUNDATION ONE HEME,COSMIC,COSMIC CGC (v99)	3
JAK1	oncogene,TSG		MSK-IMPACT,COSMIC,MSK-HEME,COSMIC CGC (v99),OncoKB Annotated,FOUNDATION ONE HEME,civic,Vogelstein,FOUNDATION ONE	9
JAK2	fusion,oncogene	ETV6,PCM1,BCR	MSK-IMPACT,COSMIC,MSK-HEME,COSMIC CGC (v99),OncoKB Annotated,FOUNDATION ONE HEME,civic,Vogelstein,FOUNDATION ONE	9
JAK3	oncogene		MSK-IMPACT,COSMIC,MSK-HEME,COSMIC CGC (v99),OncoKB Annotated,FOUNDATION ONE HEME,Vogelstein,FOUNDATION ONE	8
JAZF1	fusion,oncogene	SUZ12	OncoKB Annotated,COSMIC,FOUNDATION ONE HEME	3
JUN	oncogene		MSK-IMPACT,COSMIC,MSK-HEME,COSMIC CGC (v99),OncoKB Annotated,FOUNDATION ONE HEME,civic,FOUNDATION ONE	8
KAT6A	fusion,oncogene	EP300,CREBBP,NCOA2	OncoKB Annotated,COSMIC,FOUNDATION ONE HEME,COSMIC CGC (v99)	4
KAT6B	fusion,TSG	KANSL1,CREBBP	COSMIC,COSMIC CGC (v99)	2
KAT7	oncogene		OncoKB Annotated,COSMIC	2
KCNJ5	oncogene		COSMIC,COSMIC CGC (v99)	2
KDM5A	fusion,oncogene	NUP98	MSK-IMPACT,COSMIC,MSK-HEME,COSMIC CGC (v99),OncoKB Annotated,FOUNDATION ONE HEME,FOUNDATION ONE	7
KDM5C	TSG		MSK-IMPACT,COSMIC,MSK-HEME,COSMIC CGC (v99),OncoKB Annotated,FOUNDATION ONE HEME,Vogelstein,FOUNDATION ONE	8
KDM6A	oncogene,TSG		MSK-IMPACT,COSMIC,MSK-HEME,COSMIC CGC (v99),OncoKB Annotated,FOUNDATION ONE HEME,Vogelstein,FOUNDATION ONE	8
KDR	oncogene		MSK-IMPACT,COSMIC,MSK-HEME,COSMIC CGC (v99),OncoKB Annotated,FOUNDATION ONE HEME,civic,FOUNDATION ONE	8
KDSR	fusion	IGK	FOUNDATION ONE HEME,COSMIC,COSMIC CGC (v99)	3
KEAP1	TSG		MSK-IMPACT,COSMIC,MSK-HEME,COSMIC CGC (v99),OncoKB Annotated,FOUNDATION ONE HEME,FOUNDATION ONE	7
KIAA1549	fusion,oncogene	BRAF	OncoKB Annotated,COSMIC	2
KIF5B	fusion	RET,ALK	FOUNDATION ONE HEME,COSMIC,COSMIC CGC (v99)	3
KIT	oncogene		MSK-IMPACT,COSMIC,MSK-HEME,COSMIC CGC (v99),OncoKB Annotated,FOUNDATION ONE HEME,civic,Vogelstein,FOUNDATION ONE	9
KLF4	oncogene,TSG		MSK-IMPACT,COSMIC,MSK-HEME,COSMIC CGC (v99),OncoKB Annotated,Vogelstein	6
KLF6	TSG		COSMIC,COSMIC CGC (v99)	2
KLK2	fusion	ETV4	COSMIC,COSMIC CGC (v99)	2
KMT2A	fusion,oncogene,TSG	AFF4,MLLT3,LASP1,SH3GL1,SEPT6,ZFYVE19,KMT2A,ARHGAP26,SARNP,EP300,CASP8AP2,FOXO4,EPS15,GMPS,CREBBP,ELL,TET1,TOP3A,NCKIPSD,MLLT1,DAB2IP,SEPT2,FNBP1,ARHGEF12,BTBD18,AFF3,CBL,KIAA0284,SEPT9,GAS7,SEPT5,ABI1,MLLT10,RUNX1T1,FOXO3,MLLT6,CASC5,NRIP3,CT45A2,PRRC1,ABI2,FRYL,GPHN,SORBS2,MLLT4,MAPRE1,LPP,ACTN4,KIAA1524,EEFSEC,MYO1F,PDS5A,PICALM,AFF1,CLP1,MLLT11	MSK-IMPACT,COSMIC,MSK-HEME,COSMIC CGC (v99),OncoKB Annotated,FOUNDATION ONE HEME,FOUNDATION ONE	7
KMT2C	TSG		MSK-IMPACT,COSMIC,MSK-HEME,COSMIC CGC (v99),OncoKB Annotated,FOUNDATION ONE HEME,civic,Vogelstein	8
KMT2D	oncogene,TSG		MSK-IMPACT,COSMIC,MSK-HEME,COSMIC CGC (v99),OncoKB Annotated,FOUNDATION ONE HEME,civic,Vogelstein,FOUNDATION ONE	9
KNL1	fusion,TSG	KMT2A	COSMIC,COSMIC CGC (v99)	2
KNSTRN	oncogene		MSK-IMPACT,OncoKB Annotated,COSMIC,MSK-HEME	4
KRAS	oncogene		MSK-IMPACT,COSMIC,MSK-HEME,COSMIC CGC (v99),OncoKB Annotated,FOUNDATION ONE HEME,civic,Vogelstein,FOUNDATION ONE	9
KTN1	fusion	RET	COSMIC,COSMIC CGC (v99)	2
LARP4B	TSG		OncoKB Annotated,COSMIC	2
LASP1	fusion	KMT2A	FOUNDATION ONE HEME,COSMIC,COSMIC CGC (v99)	3
LATS1	TSG		MSK-IMPACT,COSMIC,MSK-HEME,COSMIC CGC (v99),OncoKB Annotated	5
LATS2	TSG		MSK-IMPACT,COSMIC,MSK-HEME,COSMIC CGC (v99),OncoKB Annotated	5
LCK	fusion,oncogene	TRB	OncoKB Annotated,COSMIC,MSK-HEME,COSMIC CGC (v99)	4
LCP1	fusion	BCL6	FOUNDATION ONE HEME,COSMIC	2
LEF1	oncogene,TSG		OncoKB Annotated,COSMIC,FOUNDATION ONE HEME,COSMIC CGC (v99)	4
LEPROTL1	TSG		COSMIC	1
LHFPL6	fusion	HMGA2	COSMIC	1
LIFR	fusion	PLAG1	COSMIC,COSMIC CGC (v99)	2
LMNA	fusion,oncogene	NTRK1	OncoKB Annotated,COSMIC,COSMIC CGC (v99)	3
LMO1	fusion,oncogene	TRD	MSK-IMPACT,COSMIC,MSK-HEME,COSMIC CGC (v99),OncoKB Annotated,FOUNDATION ONE HEME	6
LMO2	fusion,oncogene	TRD	OncoKB Annotated,COSMIC,FOUNDATION ONE HEME,COSMIC CGC (v99)	4
LPP	fusion,oncogene	HMGA2,C12orf9,KMT2A	FOUNDATION ONE HEME,COSMIC,COSMIC CGC (v99)	3
LRIG3	fusion,TSG	ROS1	COSMIC,COSMIC CGC (v99)	2
LRP1B	TSG		COSMIC,COSMIC CGC (v99),OncoKB Annotated,FOUNDATION ONE HEME,civic	5
LSM14A	fusion	BRAF	COSMIC	1
LYL1	fusion,oncogene	TRB	FOUNDATION ONE HEME,COSMIC,COSMIC CGC (v99)	3
LYN	fusion,oncogene	GATAD2A,ETV6,NCOR1	MSK-IMPACT,COSMIC,MSK-HEME,OncoKB Annotated,civic,FOUNDATION ONE	6
LZTR1	TSG		MSK-IMPACT,OncoKB Annotated,COSMIC,COSMIC CGC (v99)	4
MACC1	oncogene		COSMIC	1
MAF	fusion,oncogene	IGH	COSMIC,COSMIC CGC (v99),OncoKB Annotated,FOUNDATION ONE HEME,FOUNDATION ONE	5
MAFB	fusion,oncogene	IGH	OncoKB Annotated,COSMIC,FOUNDATION ONE HEME,COSMIC CGC (v99)	4
MALAT1	fusion,oncogene,TSG	TFEB	COSMIC	1
MALT1	fusion,oncogene	BIRC3	MSK-IMPACT,COSMIC,MSK-HEME,COSMIC CGC (v99),OncoKB Annotated,FOUNDATION ONE HEME	6
MAML2	fusion,oncogene	CRTC1,CRTC3	OncoKB Annotated,COSMIC,COSMIC CGC (v99)	3
MAP2K1	oncogene		MSK-IMPACT,COSMIC,MSK-HEME,COSMIC CGC (v99),OncoKB Annotated,FOUNDATION ONE HEME,civic,Vogelstein,FOUNDATION ONE	9
MAP2K2	oncogene		MSK-IMPACT,COSMIC,MSK-HEME,COSMIC CGC (v99),OncoKB Annotated,FOUNDATION ONE HEME,FOUNDATION ONE	7
MAP2K4	oncogene,TSG		MSK-IMPACT,COSMIC,MSK-HEME,COSMIC CGC (v99),OncoKB Annotated,FOUNDATION ONE HEME,FOUNDATION ONE	7
MAP3K1	oncogene,TSG		MSK-IMPACT,COSMIC,MSK-HEME,COSMIC CGC (v99),OncoKB Annotated,FOUNDATION ONE HEME,Vogelstein,FOUNDATION ONE	8
MAP3K13	oncogene,TSG		MSK-IMPACT,COSMIC,MSK-HEME,COSMIC CGC (v99),OncoKB Annotated,FOUNDATION ONE	6
MAPK1	oncogene		MSK-IMPACT,COSMIC,MSK-HEME,COSMIC CGC (v99),OncoKB Annotated,FOUNDATION ONE HEME,civic,FOUNDATION ONE	8
MAX	TSG		MSK-IMPACT,COSMIC,MSK-HEME,COSMIC CGC (v99),OncoKB Annotated	5
MB21D2			COSMIC	1
MDM2	oncogene		MSK-IMPACT,COSMIC,MSK-HEME,COSMIC CGC (v99),OncoKB Annotated,FOUNDATION ONE HEME,civic,FOUNDATION ONE	8
MDM4	oncogene		MSK-IMPACT,COSMIC,MSK-HEME,COSMIC CGC (v99),OncoKB Annotated,FOUNDATION ONE HEME,FOUNDATION ONE	7
MDS2	fusion	ETV6	FOUNDATION ONE HEME,COSMIC	2
MECOM	fusion,oncogene	ETV6,PRDM16,RPN1,RUNX1	COSMIC,COSMIC CGC (v99),OncoKB Annotated,FOUNDATION ONE HEME,civic	5
MED12	oncogene,TSG		MSK-IMPACT,COSMIC,MSK-HEME,COSMIC CGC (v99),OncoKB Annotated,FOUNDATION ONE HEME,Vogelstein,FOUNDATION ONE	8
MEN1	TSG		MSK-IMPACT,COSMIC,MSK-HEME,COSMIC CGC (v99),OncoKB Annotated,FOUNDATION ONE HEME,civic,Vogelstein,FOUNDATION ONE	9
MET	oncogene		MSK-IMPACT,COSMIC,MSK-HEME,COSMIC CGC (v99),OncoKB Annotated,FOUNDATION ONE HEME,civic,Vogelstein,FOUNDATION ONE	9
MGMT	TSG		COSMIC,civic	2
MITF	oncogene,TSG		MSK-IMPACT,COSMIC,MSK-HEME,COSMIC CGC (v99),OncoKB Annotated,FOUNDATION ONE HEME,FOUNDATION ONE	7
MLF1	fusion,TSG	NPM1	FOUNDATION ONE HEME,COSMIC,COSMIC CGC (v99)	3
MLH1	TSG		MSK-IMPACT,COSMIC,MSK-HEME,COSMIC CGC (v99),OncoKB Annotated,FOUNDATION ONE HEME,civic,Vogelstein,FOUNDATION ONE	9
MLLT1	fusion	KMT2A	MSK-IMPACT,COSMIC,COSMIC CGC (v99),OncoKB Annotated,FOUNDATION ONE HEME	5
MLLT10	fusion,oncogene	CDK6,PICALM,KMT2A	OncoKB Annotated,COSMIC,FOUNDATION ONE HEME,COSMIC CGC (v99)	4
MLLT11	fusion	KMT2A	COSMIC,COSMIC CGC (v99)	2
MLLT3	fusion,oncogene	KMT2A	OncoKB Annotated,COSMIC,FOUNDATION ONE HEME,COSMIC CGC (v99)	4
MLLT6	fusion	KMT2A	FOUNDATION ONE HEME,COSMIC,COSMIC CGC (v99)	3
MN1	fusion,oncogene	ETV6	COSMIC,COSMIC CGC (v99),OncoKB Annotated,FOUNDATION ONE HEME,civic	5
MNX1	fusion	ETV6	FOUNDATION ONE HEME,COSMIC	2
MPL	oncogene		MSK-IMPACT,COSMIC,MSK-HEME,COSMIC CGC (v99),OncoKB Annotated,FOUNDATION ONE HEME,Vogelstein,FOUNDATION ONE	8
MRTFA	fusion,oncogene,TSG	RBM15	FOUNDATION ONE HEME,COSMIC,COSMIC CGC (v99)	3
MSH2	TSG		MSK-IMPACT,COSMIC,MSK-HEME,COSMIC CGC (v99),OncoKB Annotated,FOUNDATION ONE HEME,civic,Vogelstein,FOUNDATION ONE	9
MSH6	TSG		MSK-IMPACT,COSMIC,MSK-HEME,COSMIC CGC (v99),OncoKB Annotated,FOUNDATION ONE HEME,civic,Vogelstein,FOUNDATION ONE	9
MSI2	fusion,oncogene	HOXA9	MSK-IMPACT,COSMIC,MSK-HEME,COSMIC CGC (v99),OncoKB Annotated,FOUNDATION ONE HEME	6
MSN	fusion	ALK	FOUNDATION ONE HEME,COSMIC,COSMIC CGC (v99)	3
MTCP1	fusion,oncogene	TRA	COSMIC,COSMIC CGC (v99)	2
MTOR	oncogene		MSK-IMPACT,COSMIC,MSK-HEME,COSMIC CGC (v99),OncoKB Annotated,FOUNDATION ONE HEME,civic,FOUNDATION ONE	8
MUC1	fusion	IGH	FOUNDATION ONE HEME,COSMIC,COSMIC CGC (v99)	3
MUC16	oncogene		COSMIC	1
MUC4	oncogene		COSMIC	1
MUC6			COSMIC	1
MUTYH	TSG		MSK-IMPACT,COSMIC,MSK-HEME,COSMIC CGC (v99),OncoKB Annotated,FOUNDATION ONE HEME,FOUNDATION ONE	7
MYB	fusion,oncogene	NFIB	COSMIC,COSMIC CGC (v99),OncoKB Annotated,FOUNDATION ONE HEME,civic,FOUNDATION ONE	6
MYC	fusion,oncogene	BTG1,IGK,BCL5,IGH,TRA,BCL7A	MSK-IMPACT,COSMIC,MSK-HEME,COSMIC CGC (v99),OncoKB Annotated,FOUNDATION ONE HEME,civic,FOUNDATION ONE	8
MYCL	oncogene		MSK-IMPACT,COSMIC,MSK-HEME,COSMIC CGC (v99),OncoKB Annotated,FOUNDATION ONE HEME,civic,FOUNDATION ONE	8
MYCN	oncogene		MSK-IMPACT,COSMIC,MSK-HEME,COSMIC CGC (v99),OncoKB Annotated,FOUNDATION ONE HEME,civic,FOUNDATION ONE	8
MYD88	oncogene		MSK-IMPACT,COSMIC,MSK-HEME,COSMIC CGC (v99),OncoKB Annotated,FOUNDATION ONE HEME,civic,Vogelstein,FOUNDATION ONE	9
MYH11	fusion,TSG	CBFB	OncoKB Annotated,COSMIC,FOUNDATION ONE HEME,COSMIC CGC (v99)	4
MYH9	fusion,TSG	ALK	FOUNDATION ONE HEME,COSMIC,COSMIC CGC (v99)	3
MYO5A	fusion,oncogene	ROS1	OncoKB Annotated,COSMIC,COSMIC CGC (v99)	3
MYOD1	oncogene,TSG		MSK-IMPACT,COSMIC,MSK-HEME,COSMIC CGC (v99),OncoKB Annotated,civic	6
N4BP2	TSG		COSMIC	1
NAB2	fusion,oncogene,TSG	STAT6	OncoKB Annotated,COSMIC,COSMIC CGC (v99)	3
NACA	fusion	BCL6	FOUNDATION ONE HEME,COSMIC	2
NBEA		PVT1	COSMIC	1
NBN	TSG		MSK-IMPACT,COSMIC,MSK-HEME,COSMIC CGC (v99),OncoKB Annotated,FOUNDATION ONE	6
NCKIPSD	fusion	KMT2A	COSMIC	1
NCOA1	fusion	PAX3	COSMIC,COSMIC CGC (v99)	2
NCOA2	fusion,oncogene	HEY1,KAT6A	FOUNDATION ONE HEME,COSMIC,COSMIC CGC (v99)	3
NCOA4	fusion,oncogene,TSG	RET	OncoKB Annotated,COSMIC,COSMIC CGC (v99)	3
NCOR1	TSG		MSK-IMPACT,COSMIC,MSK-HEME,COSMIC CGC (v99),OncoKB Annotated,Vogelstein	6
NCOR2	TSG		COSMIC,MSK-HEME,COSMIC CGC (v99),OncoKB Annotated,FOUNDATION ONE HEME	5
NDRG1	fusion,TSG	ERG	FOUNDATION ONE HEME,COSMIC,COSMIC CGC (v99)	3
NF1	fusion,TSG		MSK-IMPACT,COSMIC,MSK-HEME,COSMIC CGC (v99),OncoKB Annotated,FOUNDATION ONE HEME,civic,Vogelstein,FOUNDATION ONE	9
NF2	TSG		MSK-IMPACT,COSMIC,MSK-HEME,COSMIC CGC (v99),OncoKB Annotated,FOUNDATION ONE HEME,civic,Vogelstein,FOUNDATION ONE	9
NFATC2	fusion,oncogene,TSG	EWSR1	OncoKB Annotated,COSMIC,COSMIC CGC (v99)	3
NFE2L2	oncogene,TSG		MSK-IMPACT,COSMIC,MSK-HEME,COSMIC CGC (v99),OncoKB Annotated,FOUNDATION ONE HEME,civic,Vogelstein,FOUNDATION ONE	9
NFIB	fusion	HGMA2,MYB	COSMIC,COSMIC CGC (v99)	2
NFKB2	fusion,oncogene,TSG	IGH	FOUNDATION ONE HEME,COSMIC,COSMIC CGC (v99)	3
NFKBIE	TSG		COSMIC,COSMIC CGC (v99)	2
NIN	fusion	PDGFRB	FOUNDATION ONE HEME,COSMIC,COSMIC CGC (v99)	3
NKX2-1	oncogene,TSG		MSK-IMPACT,COSMIC,MSK-HEME,COSMIC CGC (v99),OncoKB Annotated,FOUNDATION ONE HEME,FOUNDATION ONE	7
NONO	fusion	TFE3	COSMIC,COSMIC CGC (v99)	2
NOTCH1	fusion,oncogene,TSG	SEC16A,GABBR2,TRB	MSK-IMPACT,COSMIC,MSK-HEME,COSMIC CGC (v99),OncoKB Annotated,FOUNDATION ONE HEME,civic,Vogelstein,FOUNDATION ONE	9
NOTCH2	oncogene,TSG		MSK-IMPACT,COSMIC,MSK-HEME,COSMIC CGC (v99),OncoKB Annotated,FOUNDATION ONE HEME,Vogelstein,FOUNDATION ONE	8
NPM1	fusion,oncogene,TSG	MLF1,RARA,ALK	MSK-IMPACT,COSMIC,MSK-HEME,COSMIC CGC (v99),OncoKB Annotated,FOUNDATION ONE HEME,civic,Vogelstein,FOUNDATION ONE	9
NR2F2			COSMIC	1
NR4A3	fusion,oncogene	TAF15,TCF12,TFG,EWSR1	OncoKB Annotated,COSMIC,FOUNDATION ONE HEME,COSMIC CGC (v99)	4
NRAS	oncogene		MSK-IMPACT,COSMIC,MSK-HEME,COSMIC CGC (v99),OncoKB Annotated,FOUNDATION ONE HEME,civic,Vogelstein,FOUNDATION ONE	9
NRG1	fusion,oncogene,TSG	CD74	OncoKB Annotated,COSMIC,COSMIC CGC (v99),civic	4
NSD1	fusion,oncogene,TSG	NUP98	MSK-IMPACT,COSMIC,MSK-HEME,COSMIC CGC (v99),OncoKB Annotated,FOUNDATION ONE HEME	6
NSD2	fusion,oncogene	IGH	MSK-IMPACT,COSMIC,MSK-HEME,COSMIC CGC (v99),OncoKB Annotated,FOUNDATION ONE HEME,FOUNDATION ONE	7
NSD3	fusion,oncogene	NUP98	MSK-IMPACT,COSMIC,MSK-HEME,COSMIC CGC (v99),OncoKB Annotated,FOUNDATION ONE HEME,FOUNDATION ONE	7
NT5C2	oncogene		COSMIC,MSK-HEME,COSMIC CGC (v99),OncoKB Annotated,FOUNDATION ONE HEME,civic,FOUNDATION ONE	7
NTHL1	TSG		MSK-IMPACT,OncoKB Annotated,COSMIC,MSK-HEME	4
NTRK1	fusion,oncogene,TSG	TPR,TPM3,LMNA,TP53,TFG	MSK-IMPACT,COSMIC,MSK-HEME,COSMIC CGC (v99),OncoKB Annotated,FOUNDATION ONE HEME,civic,FOUNDATION ONE	8
NTRK2	fusion,oncogene	MUC2,BCR,AFAP1,NACC2,SLMAP,QK1,SQSTM1,PAN3,TRIM24,VCL,AGBL4	MSK-IMPACT,COSMIC,MSK-HEME,COSMIC CGC (v99),OncoKB Annotated,FOUNDATION ONE HEME,FOUNDATION ONE	7
NTRK3	fusion,oncogene	ETV6	MSK-IMPACT,COSMIC,MSK-HEME,COSMIC CGC (v99),OncoKB Annotated,FOUNDATION ONE HEME,civic,FOUNDATION ONE	8
NUMA1	fusion	RARA	FOUNDATION ONE HEME,COSMIC,COSMIC CGC (v99)	3
NUP214	fusion,oncogene	SET,ABL1,DEK	OncoKB Annotated,COSMIC,FOUNDATION ONE HEME,COSMIC CGC (v99)	4
NUP98	fusion,oncogene	HOXC11,TOP1,PRRX1,NSD1,HOXA11,HOXA9,HOXA13,HOXD11,HOXD13,RAP1GDS1,WHSC1L1,DDX10	OncoKB Annotated,COSMIC,FOUNDATION ONE HEME,COSMIC CGC (v99)	4
NUTM1	fusion,oncogene	BRD3,BRD4	OncoKB Annotated,COSMIC,COSMIC CGC (v99),FOUNDATION ONE	4
NUTM2B	fusion	YWHAE	COSMIC,COSMIC CGC (v99)	2
NUTM2D	fusion	YWHAE	COSMIC,COSMIC CGC (v99)	2
OLIG2	fusion,oncogene	TRA	COSMIC,COSMIC CGC (v99)	2
OMD	fusion	USP6	FOUNDATION ONE HEME,COSMIC	2
P2RY8	fusion,oncogene,TSG	CRLF2	COSMIC,MSK-HEME,COSMIC CGC (v99),OncoKB Annotated,FOUNDATION ONE HEME,FOUNDATION ONE	6
PABPC1	oncogene,TSG		COSMIC	1
PAFAH1B2	fusion	IGH	FOUNDATION ONE HEME,COSMIC,COSMIC CGC (v99)	3
PALB2	TSG		MSK-IMPACT,COSMIC,MSK-HEME,COSMIC CGC (v99),OncoKB Annotated,FOUNDATION ONE HEME,civic,FOUNDATION ONE	8
PATZ1	fusion,TSG	EWSR1	COSMIC,COSMIC CGC (v99)	2
PAX3	fusion,oncogene	NCOA1,FOXO1,NCOA2	OncoKB Annotated,COSMIC,FOUNDATION ONE HEME,COSMIC CGC (v99)	4
PAX5	fusion,oncogene,TSG	FOXP1,ELN,ETV6,ZNF521,IGH,PML	MSK-IMPACT,COSMIC,MSK-HEME,COSMIC CGC (v99),OncoKB Annotated,FOUNDATION ONE HEME,civic,Vogelstein,FOUNDATION ONE	9
PAX7	fusion,oncogene	FOXO1	OncoKB Annotated,COSMIC,FOUNDATION ONE HEME,COSMIC CGC (v99)	4
PAX8	fusion,oncogene	PPARG	OncoKB Annotated,COSMIC,COSMIC CGC (v99),civic	4
PBRM1	TSG		MSK-IMPACT,COSMIC,MSK-HEME,COSMIC CGC (v99),OncoKB Annotated,FOUNDATION ONE HEME,civic,Vogelstein,FOUNDATION ONE	9
PBX1	fusion,oncogene	TCF3,EWSR1	FOUNDATION ONE HEME,COSMIC,COSMIC CGC (v99)	3
PCBP1			OncoKB Annotated,COSMIC,MSK-HEME,FOUNDATION ONE HEME	4
PCM1	fusion	JAK2,RET	FOUNDATION ONE HEME,COSMIC,COSMIC CGC (v99)	3
PDCD1LG2	fusion,oncogene	CIITA	MSK-IMPACT,COSMIC,MSK-HEME,COSMIC CGC (v99),OncoKB Annotated,FOUNDATION ONE HEME,FOUNDATION ONE	7
PDE4DIP	fusion	PDGFRB	FOUNDATION ONE HEME,COSMIC,COSMIC CGC (v99)	3
PDGFB	fusion,oncogene	COL1A1	OncoKB Annotated,COSMIC,FOUNDATION ONE HEME,COSMIC CGC (v99)	4
PDGFRA	fusion,oncogene	FIP1L1	MSK-IMPACT,COSMIC,MSK-HEME,COSMIC CGC (v99),OncoKB Annotated,FOUNDATION ONE HEME,civic,Vogelstein,FOUNDATION ONE	9
PDGFRB	fusion,oncogene	SPECC1,TRIP11,ETV6,PDE4DIP,HIP1,H4,NIN,RABEP1	MSK-IMPACT,COSMIC,MSK-HEME,COSMIC CGC (v99),OncoKB Annotated,FOUNDATION ONE HEME,civic,FOUNDATION ONE	8
PER1	fusion,TSG	ETV6	FOUNDATION ONE HEME,COSMIC,COSMIC CGC (v99)	3
PHF6	TSG		MSK-IMPACT,COSMIC,MSK-HEME,COSMIC CGC (v99),OncoKB Annotated,FOUNDATION ONE HEME,Vogelstein	7
PHOX2B	TSG		MSK-IMPACT,COSMIC,MSK-HEME,COSMIC CGC (v99),OncoKB Annotated	5
PICALM	fusion	MLLT10,KMT2A	FOUNDATION ONE HEME,COSMIC,COSMIC CGC (v99)	3
PIK3CA	oncogene		MSK-IMPACT,COSMIC,MSK-HEME,COSMIC CGC (v99),OncoKB Annotated,FOUNDATION ONE HEME,civic,Vogelstein,FOUNDATION ONE	9
PIK3CB	oncogene		MSK-IMPACT,COSMIC,MSK-HEME,COSMIC CGC (v99),OncoKB Annotated,FOUNDATION ONE	6
PIK3R1	TSG		MSK-IMPACT,COSMIC,MSK-HEME,COSMIC CGC (v99),OncoKB Annotated,FOUNDATION ONE HEME,civic,Vogelstein,FOUNDATION ONE	9
PIK3R2	oncogene,TSG		MSK-IMPACT,COSMIC,MSK-HEME,OncoKB Annotated,FOUNDATION ONE HEME,civic	6
PIK3R3	TSG		MSK-IMPACT,OncoKB Annotated,COSMIC,MSK-HEME	4
PIM1	fusion,oncogene	BCL6	MSK-IMPACT,COSMIC,MSK-HEME,COSMIC CGC (v99),OncoKB Annotated,FOUNDATION ONE HEME,civic,FOUNDATION ONE	8
PLAG1	fusion,oncogene	LIFR,TCEA1,HAS2,CHCHD7,CTNNB1,COL1A2	FOUNDATION ONE HEME,COSMIC,COSMIC CGC (v99)	3
PLCG1	fusion,oncogene		OncoKB Annotated,COSMIC,MSK-HEME,COSMIC CGC (v99)	4
PLEC	fusion	ENPP2	COSMIC	1
PML	fusion,TSG	PAX5,RARA	COSMIC,COSMIC CGC (v99),OncoKB Annotated,FOUNDATION ONE HEME,civic	5
PMS1	TSG		MSK-IMPACT,OncoKB Annotated,COSMIC,MSK-HEME	4
PMS2	TSG		MSK-IMPACT,COSMIC,MSK-HEME,COSMIC CGC (v99),OncoKB Annotated,civic,FOUNDATION ONE	7
POLD1	TSG		MSK-IMPACT,COSMIC,MSK-HEME,COSMIC CGC (v99),OncoKB Annotated,civic,FOUNDATION ONE	7
POLE	TSG		MSK-IMPACT,COSMIC,MSK-HEME,COSMIC CGC (v99),OncoKB Annotated,civic,FOUNDATION ONE	7
POLG	TSG		OncoKB Annotated,COSMIC	2
POLQ	oncogene,TSG		COSMIC,COSMIC CGC (v99)	2
POLR2A			COSMIC	1
POT1	TSG		MSK-IMPACT,COSMIC,MSK-HEME,COSMIC CGC (v99),OncoKB Annotated,FOUNDATION ONE HEME,civic	7
POU2AF1	fusion,oncogene	BCL6	FOUNDATION ONE HEME,COSMIC,COSMIC CGC (v99)	3
POU5F1	fusion,oncogene	EWSR1	COSMIC,COSMIC CGC (v99),civic	3
PPARG	fusion,oncogene,TSG	PAX8	MSK-IMPACT,COSMIC,MSK-HEME,COSMIC CGC (v99),OncoKB Annotated,FOUNDATION ONE	6
PPFIBP1	fusion	ROS1,ALK	COSMIC,COSMIC CGC (v99)	2
PPM1D	oncogene		MSK-IMPACT,COSMIC,MSK-HEME,COSMIC CGC (v99),OncoKB Annotated	5
PPP2R1A	TSG		MSK-IMPACT,COSMIC,MSK-HEME,COSMIC CGC (v99),OncoKB Annotated,FOUNDATION ONE HEME,civic,Vogelstein,FOUNDATION ONE	9
PPP6C	TSG		MSK-IMPACT,COSMIC,MSK-HEME,COSMIC CGC (v99),OncoKB Annotated	5
PRCC	fusion,oncogene	TFE3	OncoKB Annotated,COSMIC,COSMIC CGC (v99)	3
PRDM1	TSG		MSK-IMPACT,COSMIC,MSK-HEME,COSMIC CGC (v99),OncoKB Annotated,FOUNDATION ONE HEME,civic,Vogelstein,FOUNDATION ONE	9
PRDM16	fusion,oncogene	MECOM	FOUNDATION ONE HEME,COSMIC,COSMIC CGC (v99)	3
PRDM2	TSG		COSMIC	1
PREX2	oncogene		MSK-IMPACT,COSMIC,MSK-HEME,COSMIC CGC (v99),OncoKB Annotated,civic	6
PRF1	TSG		COSMIC,COSMIC CGC (v99)	2
PRKACA	oncogene	DNAJB1	OncoKB Annotated,COSMIC,COSMIC CGC (v99)	3
PRKAR1A	fusion,oncogene,TSG	RET	MSK-IMPACT,COSMIC,MSK-HEME,COSMIC CGC (v99),OncoKB Annotated,FOUNDATION ONE HEME,FOUNDATION ONE	7
PRKCB	oncogene,TSG		OncoKB Annotated,COSMIC,civic	3
PRKD1	fusion	SNX9,PRKAR2A	MSK-IMPACT,OncoKB Annotated,COSMIC,MSK-HEME	4
PRPF40B			COSMIC	1
PRRX1	fusion	NUP98	FOUNDATION ONE HEME,COSMIC,COSMIC CGC (v99)	3
PSIP1	fusion,oncogene	NUP98	FOUNDATION ONE HEME,COSMIC,COSMIC CGC (v99)	3
PTCH1	TSG		MSK-IMPACT,COSMIC,MSK-HEME,COSMIC CGC (v99),OncoKB Annotated,FOUNDATION ONE HEME,civic,Vogelstein,FOUNDATION ONE	9
PTEN	TSG		MSK-IMPACT,COSMIC,MSK-HEME,COSMIC CGC (v99),OncoKB Annotated,FOUNDATION ONE HEME,civic,Vogelstein,FOUNDATION ONE	9
PTK6	oncogene,TSG		COSMIC,COSMIC CGC (v99)	2
PTPN11	oncogene		MSK-IMPACT,COSMIC,MSK-HEME,COSMIC CGC (v99),OncoKB Annotated,FOUNDATION ONE HEME,civic,Vogelstein,FOUNDATION ONE	9
PTPN13	TSG		OncoKB Annotated,COSMIC,COSMIC CGC (v99)	3
PTPN6	TSG		FOUNDATION ONE HEME,COSMIC	2
PTPRB	TSG		COSMIC,COSMIC CGC (v99),civic	3
PTPRC	TSG		COSMIC,COSMIC CGC (v99)	2
PTPRD	TSG		MSK-IMPACT,COSMIC,MSK-HEME,OncoKB Annotated,civic	5
PTPRK	fusion,TSG	RSPO3	COSMIC,COSMIC CGC (v99)	2
PTPRT	TSG		MSK-IMPACT,COSMIC,MSK-HEME,COSMIC CGC (v99),OncoKB Annotated,civic	6
PWWP2A	fusion	ROS1	COSMIC	1
QKI	oncogene,TSG	MYB	OncoKB Annotated,COSMIC,COSMIC CGC (v99),FOUNDATION ONE	4
RABEP1	fusion	PDGFRB	FOUNDATION ONE HEME,COSMIC,COSMIC CGC (v99)	3
RAC1	oncogene		MSK-IMPACT,COSMIC,MSK-HEME,COSMIC CGC (v99),OncoKB Annotated,civic,FOUNDATION ONE	7
RAD17	TSG		OncoKB Annotated,COSMIC	2
RAD21	oncogene,TSG		MSK-IMPACT,COSMIC,MSK-HEME,COSMIC CGC (v99),OncoKB Annotated,FOUNDATION ONE HEME,FOUNDATION ONE	7
RAD50	TSG		MSK-IMPACT,COSMIC,MSK-HEME,COSMIC CGC (v99),OncoKB Annotated,FOUNDATION ONE HEME,civic	7
RAD51	fusion,oncogene,TSG	EGFR	MSK-IMPACT,COSMIC,MSK-HEME,OncoKB Annotated,FOUNDATION ONE HEME,FOUNDATION ONE	6
RAD51B	fusion,TSG	HMGA2	MSK-IMPACT,COSMIC,MSK-HEME,COSMIC CGC (v99),OncoKB Annotated,civic,FOUNDATION ONE	7
RAD51C	TSG		MSK-IMPACT,COSMIC,MSK-HEME,OncoKB Annotated,FOUNDATION ONE	5
RAD51D	TSG		MSK-IMPACT,COSMIC,MSK-HEME,OncoKB Annotated,civic,FOUNDATION ONE	6
RAF1	fusion,oncogene	ESRP1,SRGAP3	MSK-IMPACT,COSMIC,MSK-HEME,COSMIC CGC (v99),OncoKB Annotated,FOUNDATION ONE HEME,civic,FOUNDATION ONE	8
RALGDS	fusion	CIITA	FOUNDATION ONE HEME,COSMIC	2
RANBP2	fusion,oncogene,TSG	ALK	OncoKB Annotated,COSMIC,COSMIC CGC (v99)	3
RAP1B	oncogene		COSMIC	1
RAP1GDS1	fusion,oncogene	NUP98	FOUNDATION ONE HEME,COSMIC,COSMIC CGC (v99)	3
RARA	fusion,oncogene	ZBTB16,NUMA1,NPM1,TRIM24,PML	MSK-IMPACT,COSMIC,MSK-HEME,COSMIC CGC (v99),OncoKB Annotated,FOUNDATION ONE HEME,FOUNDATION ONE	7
RASA1	TSG		MSK-IMPACT,COSMIC,MSK-HEME,OncoKB Annotated,civic	5
RB1	TSG		MSK-IMPACT,COSMIC,MSK-HEME,COSMIC CGC (v99),OncoKB Annotated,FOUNDATION ONE HEME,civic,Vogelstein,FOUNDATION ONE	9
RBM10	TSG		MSK-IMPACT,COSMIC,MSK-HEME,COSMIC CGC (v99),OncoKB Annotated,FOUNDATION ONE	6
RBM15	fusion,oncogene,TSG	MKL1	OncoKB Annotated,COSMIC,FOUNDATION ONE HEME,COSMIC CGC (v99)	4
RECQL4	oncogene,TSG		MSK-IMPACT,COSMIC,MSK-HEME,COSMIC CGC (v99),OncoKB Annotated	5
REL	oncogene		MSK-IMPACT,COSMIC,MSK-HEME,COSMIC CGC (v99),OncoKB Annotated,civic,FOUNDATION ONE	7
RET	fusion,oncogene	CCDC6,KIF5B,HOOK3,TRIM27,PCM1,TRIM33,KTN1,H4,GOLGA5,NCOA4,PRKAR1A	MSK-IMPACT,COSMIC,MSK-HEME,COSMIC CGC (v99),OncoKB Annotated,FOUNDATION ONE HEME,civic,Vogelstein,FOUNDATION ONE	9
RFWD3	TSG		COSMIC	1
RGPD3			COSMIC	1
RGS7			COSMIC	1
RHOA	oncogene,TSG		MSK-IMPACT,COSMIC,MSK-HEME,COSMIC CGC (v99),OncoKB Annotated,FOUNDATION ONE HEME,civic	7
RHOH	fusion,TSG	BCL6	FOUNDATION ONE HEME,COSMIC,COSMIC CGC (v99)	3
RICTOR	oncogene		MSK-IMPACT,COSMIC,MSK-HEME,OncoKB Annotated,FOUNDATION ONE HEME,civic,FOUNDATION ONE	7
RMI2	fusion,TSG	CIITA	COSMIC,COSMIC CGC (v99)	2
RNF213	fusion	ALK	FOUNDATION ONE HEME,COSMIC,COSMIC CGC (v99)	3
RNF43	TSG		MSK-IMPACT,COSMIC,MSK-HEME,COSMIC CGC (v99),OncoKB Annotated,FOUNDATION ONE HEME,Vogelstein,FOUNDATION ONE	8
ROBO2	TSG		COSMIC	1
ROCK1	oncogene		COSMIC	1
ROS1	fusion,oncogene	MYO5A,PWWP2A,LRIG3,PPFIBP1,HLA-A,ZCCHHC8,SLC34A2,GOPC,TPM3,CLIP1,ERC1,KIAA1598,EZR,SDC4	MSK-IMPACT,COSMIC,MSK-HEME,COSMIC CGC (v99),OncoKB Annotated,FOUNDATION ONE HEME,civic,FOUNDATION ONE	8
RPL10	TSG		COSMIC,COSMIC CGC (v99)	2
RPL22	fusion,TSG	RUNX1	FOUNDATION ONE HEME,COSMIC,COSMIC CGC (v99)	3
RPL5	TSG		OncoKB Annotated,COSMIC,COSMIC CGC (v99)	3
RPN1	fusion	MECOM	FOUNDATION ONE HEME,COSMIC,COSMIC CGC (v99)	3
RRAS2	oncogene		MSK-IMPACT,COSMIC,MSK-HEME,COSMIC CGC (v99),OncoKB Annotated	5
RSPO2	fusion,TSG	EIF3E	COSMIC,COSMIC CGC (v99),FOUNDATION ONE	3
RSPO3	fusion,oncogene	PTPRK	COSMIC,COSMIC CGC (v99)	2
RUNX1	fusion,oncogene,TSG	CBFA2T3,MECOM,ETV6,RUNX1T1,AFF3,RPL22	MSK-IMPACT,COSMIC,MSK-HEME,COSMIC CGC (v99),OncoKB Annotated,FOUNDATION ONE HEME,civic,Vogelstein	8
RUNX1T1	fusion,oncogene,TSG	RUNX1,KMT2A	COSMIC,MSK-HEME,COSMIC CGC (v99),OncoKB Annotated,FOUNDATION ONE HEME	5
RXRA	TSG		MSK-IMPACT,OncoKB Annotated,COSMIC,MSK-HEME	4
S100A7	fusion	VAV1	COSMIC	1
SALL4	oncogene		COSMIC,COSMIC CGC (v99)	2
SBDS	TSG		COSMIC,COSMIC CGC (v99)	2
SDC4	fusion	ROS1	COSMIC,COSMIC CGC (v99),FOUNDATION ONE	3
SDHA	TSG		MSK-IMPACT,COSMIC,MSK-HEME,COSMIC CGC (v99),OncoKB Annotated,FOUNDATION ONE HEME,FOUNDATION ONE	7
SDHAF2	TSG		MSK-IMPACT,COSMIC,MSK-HEME,COSMIC CGC (v99),OncoKB Annotated	5
SDHB	TSG		MSK-IMPACT,COSMIC,MSK-HEME,COSMIC CGC (v99),OncoKB Annotated,FOUNDATION ONE HEME,civic,FOUNDATION ONE	8
SDHC	TSG		MSK-IMPACT,COSMIC,MSK-HEME,COSMIC CGC (v99),OncoKB Annotated,FOUNDATION ONE HEME,FOUNDATION ONE	7
SDHD	TSG		MSK-IMPACT,COSMIC,MSK-HEME,COSMIC CGC (v99),OncoKB Annotated,FOUNDATION ONE HEME,FOUNDATION ONE	7
5-Sep	fusion	KMT2A	COSMIC	1
6-Sep	fusion	KMT2A	COSMIC	1
9-Sep	fusion	KMT2A	COSMIC	1
SET	fusion,oncogene	NUP214	OncoKB Annotated,COSMIC,FOUNDATION ONE HEME,COSMIC CGC (v99)	4
SETBP1	fusion,oncogene	NUP98	COSMIC,MSK-HEME,COSMIC CGC (v99),OncoKB Annotated,FOUNDATION ONE HEME,civic,Vogelstein	7
SETD1B	TSG		OncoKB Annotated,COSMIC,MSK-HEME	3
SETD2	TSG		MSK-IMPACT,COSMIC,MSK-HEME,COSMIC CGC (v99),OncoKB Annotated,FOUNDATION ONE HEME,Vogelstein,FOUNDATION ONE	8
SETDB1	oncogene,TSG		MSK-IMPACT,OncoKB Annotated,COSMIC,MSK-HEME	4
SF3B1	oncogene		MSK-IMPACT,COSMIC,MSK-HEME,COSMIC CGC (v99),OncoKB Annotated,FOUNDATION ONE HEME,civic,Vogelstein,FOUNDATION ONE	9
SFPQ	fusion,TSG	TFE3	COSMIC,COSMIC CGC (v99)	2
SFRP4	TSG		COSMIC,COSMIC CGC (v99)	2
SGK1	oncogene		COSMIC,MSK-HEME,OncoKB Annotated,FOUNDATION ONE HEME,civic,FOUNDATION ONE	6
SH2B3	TSG		MSK-IMPACT,COSMIC,MSK-HEME,COSMIC CGC (v99),OncoKB Annotated,civic	6
SH3GL1	fusion,oncogene	KMT2A	FOUNDATION ONE HEME,COSMIC,COSMIC CGC (v99)	3
SHTN1	fusion	ROS1	COSMIC	1
SIRPA	TSG		COSMIC	1
SIX1	oncogene		COSMIC,COSMIC CGC (v99)	2
SIX2	oncogene		COSMIC	1
SKI	oncogene		COSMIC	1
SLC34A2	fusion,TSG	ROS1	COSMIC,COSMIC CGC (v99),FOUNDATION ONE	3
SLC45A3	fusion	ETV1,ERG,BRAF,ETV5,ELK4	COSMIC,COSMIC CGC (v99)	2
SMAD2	TSG		MSK-IMPACT,COSMIC,MSK-HEME,COSMIC CGC (v99),OncoKB Annotated,FOUNDATION ONE HEME,civic,Vogelstein,FOUNDATION ONE	9
SMAD3	TSG		MSK-IMPACT,COSMIC,MSK-HEME,COSMIC CGC (v99),OncoKB Annotated	5
SMAD4	TSG		MSK-IMPACT,COSMIC,MSK-HEME,COSMIC CGC (v99),OncoKB Annotated,FOUNDATION ONE HEME,civic,Vogelstein,FOUNDATION ONE	9
SMARCA4	TSG		MSK-IMPACT,COSMIC,MSK-HEME,COSMIC CGC (v99),OncoKB Annotated,FOUNDATION ONE HEME,civic,Vogelstein,FOUNDATION ONE	9
SMARCB1	TSG		MSK-IMPACT,COSMIC,MSK-HEME,COSMIC CGC (v99),OncoKB Annotated,FOUNDATION ONE HEME,civic,Vogelstein,FOUNDATION ONE	9
SMARCD1	TSG		MSK-IMPACT,OncoKB Annotated,COSMIC,MSK-HEME	4
SMARCE1	oncogene,TSG		MSK-IMPACT,OncoKB Annotated,COSMIC,COSMIC CGC (v99)	4
SMC1A	TSG		OncoKB Annotated,COSMIC,MSK-HEME,FOUNDATION ONE HEME	4
SMO	oncogene		MSK-IMPACT,COSMIC,MSK-HEME,COSMIC CGC (v99),OncoKB Annotated,FOUNDATION ONE HEME,civic,Vogelstein,FOUNDATION ONE	9
SND1	fusion,oncogene	BRAF	COSMIC,COSMIC CGC (v99)	2
SNX29	fusion	CIITA	FOUNDATION ONE HEME,COSMIC	2
SOCS1	TSG		MSK-IMPACT,COSMIC,MSK-HEME,COSMIC CGC (v99),OncoKB Annotated,FOUNDATION ONE HEME,Vogelstein,FOUNDATION ONE	8
SOS1	fusion,oncogene	ALK	MSK-IMPACT,OncoKB Annotated,COSMIC,MSK-HEME	4
SOX2	oncogene		MSK-IMPACT,COSMIC,MSK-HEME,COSMIC CGC (v99),OncoKB Annotated,FOUNDATION ONE HEME,FOUNDATION ONE	7
SOX21	TSG		COSMIC	1
SPECC1	fusion	PDGFRB	COSMIC	1
SPEN	TSG		MSK-IMPACT,COSMIC,MSK-HEME,COSMIC CGC (v99),OncoKB Annotated,FOUNDATION ONE HEME,FOUNDATION ONE	7
SPOP	TSG		MSK-IMPACT,COSMIC,MSK-HEME,COSMIC CGC (v99),OncoKB Annotated,FOUNDATION ONE HEME,Vogelstein,FOUNDATION ONE	8
SRC	oncogene		MSK-IMPACT,COSMIC,MSK-HEME,COSMIC CGC (v99),OncoKB Annotated,FOUNDATION ONE HEME,FOUNDATION ONE	7
SRGAP3	fusion	RAF1	COSMIC	1
SRSF2	oncogene		MSK-IMPACT,COSMIC,MSK-HEME,COSMIC CGC (v99),OncoKB Annotated,FOUNDATION ONE HEME,civic,Vogelstein	8
SRSF3	fusion,oncogene	BCL6	FOUNDATION ONE HEME,COSMIC,COSMIC CGC (v99)	3
SS18	fusion,oncogene	SSX1,SSX4,SSX2	OncoKB Annotated,COSMIC,FOUNDATION ONE HEME,COSMIC CGC (v99)	4
SS18L1	fusion	SSX1	COSMIC,COSMIC CGC (v99)	2
SSX1	fusion,oncogene	SS18	OncoKB Annotated,COSMIC,FOUNDATION ONE HEME,COSMIC CGC (v99)	4
SSX2	fusion,oncogene	SS18	OncoKB Annotated,COSMIC,FOUNDATION ONE HEME,COSMIC CGC (v99)	4
SSX4	fusion,oncogene	SS18	FOUNDATION ONE HEME,COSMIC,COSMIC CGC (v99)	3
STAG1	TSG		OncoKB Annotated,COSMIC,MSK-HEME	3
STAG2	TSG		MSK-IMPACT,COSMIC,MSK-HEME,COSMIC CGC (v99),OncoKB Annotated,FOUNDATION ONE HEME,civic,Vogelstein,FOUNDATION ONE	9
STAT3	oncogene		MSK-IMPACT,COSMIC,MSK-HEME,COSMIC CGC (v99),OncoKB Annotated,FOUNDATION ONE HEME,civic,FOUNDATION ONE	8
STAT5B	fusion,oncogene,TSG	RARA	MSK-IMPACT,COSMIC,MSK-HEME,COSMIC CGC (v99),OncoKB Annotated,FOUNDATION ONE HEME	6
STAT6	fusion,oncogene	NAB2	COSMIC,MSK-HEME,COSMIC CGC (v99),OncoKB Annotated,FOUNDATION ONE HEME	5
STIL	fusion,oncogene	TAL1	COSMIC,COSMIC CGC (v99)	2
STK11	TSG		MSK-IMPACT,COSMIC,MSK-HEME,COSMIC CGC (v99),OncoKB Annotated,FOUNDATION ONE HEME,civic,Vogelstein,FOUNDATION ONE	9
STRN	fusion	ALK	COSMIC,COSMIC CGC (v99)	2
SUB1			COSMIC	1
SUFU	TSG		MSK-IMPACT,COSMIC,MSK-HEME,COSMIC CGC (v99),OncoKB Annotated,FOUNDATION ONE HEME,FOUNDATION ONE	7
SUZ12	fusion,oncogene,TSG	JAZF1	MSK-IMPACT,COSMIC,MSK-HEME,COSMIC CGC (v99),OncoKB Annotated,FOUNDATION ONE HEME	6
SYK	fusion,oncogene	ETV6,ITK	MSK-IMPACT,COSMIC,MSK-HEME,COSMIC CGC (v99),OncoKB Annotated,FOUNDATION ONE HEME,civic,FOUNDATION ONE	8
TAF15	fusion,oncogene	CHN1,NR4A3,ZNF384	FOUNDATION ONE HEME,COSMIC,COSMIC CGC (v99)	3
TAL1	fusion,oncogene	STIL,TRD	OncoKB Annotated,COSMIC,FOUNDATION ONE HEME,COSMIC CGC (v99)	4
TAL2	fusion,oncogene	TRB	FOUNDATION ONE HEME,COSMIC,COSMIC CGC (v99)	3
TBL1XR1	fusion,oncogene,TSG		COSMIC,MSK-HEME,COSMIC CGC (v99),OncoKB Annotated,FOUNDATION ONE HEME	5
TBX3	oncogene,TSG		MSK-IMPACT,COSMIC,MSK-HEME,COSMIC CGC (v99),OncoKB Annotated,FOUNDATION ONE	6
TCEA1	fusion	PLAG1	COSMIC,COSMIC CGC (v99)	2
TCF12	fusion	NR4A3	COSMIC,COSMIC CGC (v99)	2
TCF3	fusion,oncogene,TSG	PBX1,TFPT,HLF	MSK-IMPACT,COSMIC,MSK-HEME,COSMIC CGC (v99),OncoKB Annotated,FOUNDATION ONE HEME,civic	7
TCF7L2	fusion,oncogene,TSG	VTI1A	MSK-IMPACT,COSMIC,MSK-HEME,COSMIC CGC (v99),OncoKB Annotated	5
TCL1A	fusion,oncogene	TRA	OncoKB Annotated,COSMIC,FOUNDATION ONE HEME,COSMIC CGC (v99)	4
TEC	fusion,oncogene		FOUNDATION ONE HEME,COSMIC	2
TENT5C	TSG		MSK-IMPACT,COSMIC,MSK-HEME,COSMIC CGC (v99),OncoKB Annotated,FOUNDATION ONE HEME,FOUNDATION ONE	7
TERT	oncogene,TSG		MSK-IMPACT,COSMIC,MSK-HEME,COSMIC CGC (v99),OncoKB Annotated,civic,FOUNDATION ONE	7
TET1	fusion,oncogene,TSG	KMT2A	MSK-IMPACT,COSMIC,MSK-HEME,COSMIC CGC (v99),OncoKB Annotated,FOUNDATION ONE HEME	6
TET2	TSG		MSK-IMPACT,COSMIC,MSK-HEME,COSMIC CGC (v99),OncoKB Annotated,FOUNDATION ONE HEME,civic,Vogelstein,FOUNDATION ONE	9
TFE3	fusion,oncogene	SFPQ,PRCC,ASPSCR1,CLTC,NONO	OncoKB Annotated,COSMIC,FOUNDATION ONE HEME,COSMIC CGC (v99)	4
TFEB	fusion,oncogene	ALPHA	COSMIC,COSMIC CGC (v99)	2
TFG	fusion	NTRK1,NR4A3,ALK	FOUNDATION ONE HEME,COSMIC,COSMIC CGC (v99)	3
TFPT	fusion	TCF3	FOUNDATION ONE HEME,COSMIC	2
TFRC	fusion	BCL6	FOUNDATION ONE HEME,COSMIC	2
TGFBR2	TSG		MSK-IMPACT,COSMIC,MSK-HEME,COSMIC CGC (v99),OncoKB Annotated,FOUNDATION ONE HEME,FOUNDATION ONE	7
THRAP3	fusion	USP6	COSMIC	1
TLX1	fusion,oncogene	TRD,TRB	OncoKB Annotated,COSMIC,FOUNDATION ONE HEME,COSMIC CGC (v99)	4
TLX3	fusion,oncogene	BCL11B	OncoKB Annotated,COSMIC,FOUNDATION ONE HEME,COSMIC CGC (v99)	4
TMEM127	TSG		MSK-IMPACT,COSMIC,MSK-HEME,COSMIC CGC (v99),OncoKB Annotated	5
TMPRSS2	fusion	ETV1,ETV5,ERG,ETV4	MSK-IMPACT,COSMIC,MSK-HEME,COSMIC CGC (v99),OncoKB Annotated,FOUNDATION ONE HEME,FOUNDATION ONE	7
TMSB4X	oncogene		COSMIC	1
TNC	oncogene		COSMIC	1
TNFAIP3	TSG		MSK-IMPACT,COSMIC,MSK-HEME,COSMIC CGC (v99),OncoKB Annotated,FOUNDATION ONE HEME,Vogelstein,FOUNDATION ONE	8
TNFRSF14	TSG		MSK-IMPACT,COSMIC,MSK-HEME,COSMIC CGC (v99),OncoKB Annotated,FOUNDATION ONE HEME,FOUNDATION ONE	7
TNFRSF17	fusion,oncogene	IL2	OncoKB Annotated,COSMIC,FOUNDATION ONE HEME,COSMIC CGC (v99)	4
TNRC18	fusion	IKZF1,XPO1,HOXA9,RARA	COSMIC	1
TOP1	fusion,oncogene	NUP98	MSK-IMPACT,COSMIC,MSK-HEME,COSMIC CGC (v99),OncoKB Annotated,FOUNDATION ONE HEME,civic	7
TP53	fusion,oncogene,TSG	NTRK1	MSK-IMPACT,COSMIC,MSK-HEME,COSMIC CGC (v99),OncoKB Annotated,FOUNDATION ONE HEME,civic,Vogelstein,FOUNDATION ONE	9
TP63	oncogene,TSG	TBL1XR1	MSK-IMPACT,COSMIC,MSK-HEME,COSMIC CGC (v99),OncoKB Annotated,FOUNDATION ONE HEME	6
TPM3	fusion,oncogene,TSG	NTRK1,ROS1,ALK	OncoKB Annotated,COSMIC,FOUNDATION ONE HEME,COSMIC CGC (v99)	4
TPM4	fusion	ALK	FOUNDATION ONE HEME,COSMIC,COSMIC CGC (v99)	3
TPR	fusion	NTRK1,ALK	COSMIC,COSMIC CGC (v99)	2
TRA	fusion,oncogene	MTCP1,TCL6,ATL,MYC,OLIG2,TCL1A	OncoKB Annotated,COSMIC,COSMIC CGC (v99)	3
TRAF7	TSG		MSK-IMPACT,COSMIC,MSK-HEME,COSMIC CGC (v99),OncoKB Annotated,Vogelstein	6
TRB	fusion,oncogene	LYL1,TAL2,LCK,HOX11,NOTCH1	OncoKB Annotated,COSMIC,COSMIC CGC (v99)	3
TRD	fusion,oncogene	RANBP17,LMO1,HOX11,LMO2,TLX1,TAL1	OncoKB Annotated,COSMIC,COSMIC CGC (v99)	3
TRIM24	fusion,oncogene,TSG	RARA	FOUNDATION ONE HEME,COSMIC,COSMIC CGC (v99)	3
TRIM27	fusion,oncogene	RET	OncoKB Annotated,COSMIC,COSMIC CGC (v99)	3
TRIM33	fusion,TSG	RET	COSMIC,COSMIC CGC (v99)	2
TRIP11	fusion	PDGFRB	FOUNDATION ONE HEME,COSMIC,COSMIC CGC (v99)	3
TRRAP	oncogene		COSMIC,COSMIC CGC (v99)	2
TSC1	TSG		MSK-IMPACT,COSMIC,MSK-HEME,COSMIC CGC (v99),OncoKB Annotated,FOUNDATION ONE HEME,civic,Vogelstein,FOUNDATION ONE	9
TSC2	TSG		MSK-IMPACT,COSMIC,MSK-HEME,COSMIC CGC (v99),OncoKB Annotated,FOUNDATION ONE HEME,civic,FOUNDATION ONE	8
TSHR	oncogene		MSK-IMPACT,COSMIC,MSK-HEME,OncoKB Annotated,FOUNDATION ONE HEME,Vogelstein	6
U2AF1	oncogene		MSK-IMPACT,COSMIC,MSK-HEME,COSMIC CGC (v99),OncoKB Annotated,FOUNDATION ONE HEME,civic,Vogelstein,FOUNDATION ONE	9
UBR5	oncogene		OncoKB Annotated,COSMIC,MSK-HEME,COSMIC CGC (v99)	4
USP44	TSG		COSMIC	1
USP6	fusion,oncogene	COL1A1,CNBP,THRAP3,OMD,CDH11	OncoKB Annotated,COSMIC,FOUNDATION ONE HEME,COSMIC CGC (v99)	4
USP8	oncogene		MSK-IMPACT,OncoKB Annotated,COSMIC,COSMIC CGC (v99)	4
USP9X	fusion	ERAS	COSMIC	1
VAV1	fusion,oncogene	S100A7,THAP4,MYO1F	OncoKB Annotated,COSMIC,MSK-HEME	3
VHL	TSG		MSK-IMPACT,COSMIC,MSK-HEME,COSMIC CGC (v99),OncoKB Annotated,FOUNDATION ONE HEME,civic,Vogelstein,FOUNDATION ONE	9
VTI1A	fusion	TCF7L2	COSMIC	1
WAS	oncogene		COSMIC,COSMIC CGC (v99)	2
WDCP	fusion	ALK	COSMIC,COSMIC CGC (v99)	2
WIF1	fusion,TSG	HMGA2	OncoKB Annotated,COSMIC,COSMIC CGC (v99)	3
WNK2	TSG		COSMIC	1
WRN	TSG		OncoKB Annotated,COSMIC,COSMIC CGC (v99)	3
WT1	fusion,oncogene,TSG	EWSR1	MSK-IMPACT,COSMIC,MSK-HEME,COSMIC CGC (v99),OncoKB Annotated,FOUNDATION ONE HEME,civic,Vogelstein,FOUNDATION ONE	9
WWTR1	fusion,oncogene	CAMTA1	MSK-IMPACT,COSMIC,MSK-HEME,COSMIC CGC (v99),OncoKB Annotated	5
XPA	TSG		OncoKB Annotated,COSMIC,COSMIC CGC (v99)	3
XPC	TSG		OncoKB Annotated,COSMIC,COSMIC CGC (v99)	3
XPO1	oncogene		MSK-IMPACT,COSMIC,MSK-HEME,COSMIC CGC (v99),OncoKB Annotated,FOUNDATION ONE HEME,FOUNDATION ONE	7
YAP1	fusion,oncogene	MAML2	MSK-IMPACT,OncoKB Annotated,COSMIC,MSK-HEME	4
YWHAE	fusion,TSG	NUTM2B,NUTM2A	COSMIC,COSMIC CGC (v99),civic	3
ZBTB16	fusion,TSG	RARA	FOUNDATION ONE HEME,COSMIC,COSMIC CGC (v99)	3
ZCCHC8	fusion	ROS1	COSMIC	1
ZEB1	oncogene		COSMIC,civic	2
ZFHX3	TSG		MSK-IMPACT,COSMIC,MSK-HEME,COSMIC CGC (v99),OncoKB Annotated	5
ZMYM2	fusion	FGFR1	FOUNDATION ONE HEME,COSMIC,COSMIC CGC (v99)	3
ZMYM3	TSG		OncoKB Annotated,COSMIC,FOUNDATION ONE HEME	3
ZNF331	fusion,TSG	?	COSMIC,COSMIC CGC (v99)	2
ZNF384	fusion	TAF15,EWSR1	FOUNDATION ONE HEME,COSMIC,COSMIC CGC (v99)	3
ZNF429			COSMIC	1
ZNF479			COSMIC	1
ZNF521	fusion,oncogene	PAX5	FOUNDATION ONE HEME,COSMIC,COSMIC CGC (v99)	3
ZNRF3	TSG		MSK-IMPACT,OncoKB Annotated,COSMIC	3
ZRSR2	TSG		MSK-IMPACT,COSMIC,MSK-HEME,COSMIC CGC (v99),OncoKB Annotated,FOUNDATION ONE HEME	6
H3-3A	oncogene		MSK-IMPACT,MSK-HEME,COSMIC CGC (v99),OncoKB Annotated,FOUNDATION ONE,civic,Vogelstein	7
H3C2			MSK-IMPACT,MSK-HEME,COSMIC CGC (v99),OncoKB Annotated,FOUNDATION ONE HEME,civic,Vogelstein	7
AURKA	oncogene		MSK-IMPACT,MSK-HEME,OncoKB Annotated,FOUNDATION ONE HEME,civic,FOUNDATION ONE	6
AURKB	oncogene		MSK-IMPACT,MSK-HEME,OncoKB Annotated,FOUNDATION ONE HEME,FOUNDATION ONE	5
AXL	oncogene		MSK-IMPACT,MSK-HEME,OncoKB Annotated,FOUNDATION ONE HEME,civic,FOUNDATION ONE	6
CDK8	oncogene		MSK-IMPACT,MSK-HEME,OncoKB Annotated,FOUNDATION ONE HEME,FOUNDATION ONE	5
CDKN2B	TSG		MSK-IMPACT,MSK-HEME,OncoKB Annotated,FOUNDATION ONE HEME,civic,FOUNDATION ONE	6
CHEK1	TSG		MSK-IMPACT,MSK-HEME,OncoKB Annotated,FOUNDATION ONE HEME,civic,FOUNDATION ONE	6
CRKL	oncogene		MSK-IMPACT,MSK-HEME,OncoKB Annotated,FOUNDATION ONE HEME,FOUNDATION ONE	5
DOT1L	oncogene		MSK-IMPACT,MSK-HEME,OncoKB Annotated,FOUNDATION ONE HEME,FOUNDATION ONE	5
EPHB1	oncogene,TSG		MSK-IMPACT,MSK-HEME,OncoKB Annotated,FOUNDATION ONE HEME,FOUNDATION ONE	5
FGF19	oncogene		MSK-IMPACT,MSK-HEME,OncoKB Annotated,FOUNDATION ONE HEME,civic,FOUNDATION ONE	6
FGF3	oncogene		MSK-IMPACT,MSK-HEME,OncoKB Annotated,FOUNDATION ONE HEME,civic,FOUNDATION ONE	6
FGF4	oncogene		MSK-IMPACT,MSK-HEME,OncoKB Annotated,FOUNDATION ONE HEME,FOUNDATION ONE	5
FLT1	oncogene		MSK-IMPACT,MSK-HEME,OncoKB Annotated,FOUNDATION ONE HEME,FOUNDATION ONE	5
IGF1R	oncogene		MSK-IMPACT,MSK-HEME,OncoKB Annotated,FOUNDATION ONE HEME,civic,FOUNDATION ONE	6
IKBKE	oncogene		MSK-IMPACT,MSK-HEME,OncoKB Annotated,FOUNDATION ONE HEME,FOUNDATION ONE	5
INPP4B	TSG		MSK-IMPACT,MSK-HEME,OncoKB Annotated,FOUNDATION ONE HEME,FOUNDATION ONE	5
IRS2	oncogene		MSK-IMPACT,MSK-HEME,OncoKB Annotated,FOUNDATION ONE HEME,FOUNDATION ONE	5
MCL1	oncogene		MSK-IMPACT,MSK-HEME,OncoKB Annotated,FOUNDATION ONE HEME,FOUNDATION ONE	5
MEF2B	oncogene		MSK-IMPACT,MSK-HEME,OncoKB Annotated,FOUNDATION ONE HEME,FOUNDATION ONE	5
MRE11	TSG		MSK-IMPACT,MSK-HEME,OncoKB Annotated,FOUNDATION ONE HEME,civic,FOUNDATION ONE	6
MSH3	TSG		MSK-IMPACT,MSK-HEME,OncoKB Annotated,FOUNDATION ONE HEME,FOUNDATION ONE	5
NFKBIA	TSG		MSK-IMPACT,MSK-HEME,OncoKB Annotated,FOUNDATION ONE HEME,FOUNDATION ONE	5
PDCD1	oncogene		MSK-IMPACT,MSK-HEME,OncoKB Annotated,FOUNDATION ONE HEME,FOUNDATION ONE	5
RPTOR	oncogene		MSK-IMPACT,MSK-HEME,OncoKB Annotated,FOUNDATION ONE HEME,FOUNDATION ONE	5
SOX9	oncogene,TSG		MSK-IMPACT,MSK-HEME,OncoKB Annotated,FOUNDATION ONE,Vogelstein	5
ALOX12B	oncogene,TSG		OncoKB Annotated,MSK-IMPACT,MSK-HEME,FOUNDATION ONE	4
BCL2L1			OncoKB Annotated,MSK-IMPACT,MSK-HEME,FOUNDATION ONE	4
DIS3	TSG		OncoKB Annotated,MSK-IMPACT,MSK-HEME,FOUNDATION ONE	4
DNMT1	oncogene		MSK-IMPACT,MSK-HEME,OncoKB Annotated,civic,Vogelstein	5
EPHA5			OncoKB Annotated,MSK-IMPACT,MSK-HEME,FOUNDATION ONE HEME	4
ERRFI1	TSG		MSK-IMPACT,MSK-HEME,OncoKB Annotated,civic,FOUNDATION ONE	5
GNA13	oncogene,TSG		OncoKB Annotated,MSK-HEME,FOUNDATION ONE HEME,FOUNDATION ONE	4
H1-2			OncoKB Annotated,MSK-IMPACT,MSK-HEME,FOUNDATION ONE HEME	4
H3-3B			MSK-IMPACT,MSK-HEME,COSMIC CGC (v99),OncoKB Annotated,civic	5
HDAC1	oncogene		OncoKB Annotated,MSK-HEME,FOUNDATION ONE HEME,FOUNDATION ONE	4
INHBA	oncogene,TSG		OncoKB Annotated,MSK-IMPACT,MSK-HEME,FOUNDATION ONE HEME	4
MAP3K14	oncogene		OncoKB Annotated,MSK-IMPACT,MSK-HEME,FOUNDATION ONE HEME	4
MST1R	oncogene		OncoKB Annotated,MSK-IMPACT,MSK-HEME,FOUNDATION ONE	4
NOTCH3	oncogene,TSG		OncoKB Annotated,MSK-IMPACT,MSK-HEME,FOUNDATION ONE	4
NUP93			OncoKB Annotated,MSK-IMPACT,MSK-HEME,FOUNDATION ONE HEME	4
PARP1	TSG		MSK-IMPACT,MSK-HEME,OncoKB Annotated,civic,FOUNDATION ONE	5
PIK3C2G			OncoKB Annotated,MSK-IMPACT,MSK-HEME,FOUNDATION ONE	4
PIK3CG	oncogene		OncoKB Annotated,MSK-IMPACT,MSK-HEME,FOUNDATION ONE HEME	4
PLCG2	oncogene		MSK-IMPACT,MSK-HEME,OncoKB Annotated,FOUNDATION ONE HEME,civic	5
PRKCI	oncogene		OncoKB Annotated,MSK-IMPACT,MSK-HEME,FOUNDATION ONE	4
PRKN	TSG		OncoKB Annotated,MSK-IMPACT,MSK-HEME,FOUNDATION ONE	4
RAD52			OncoKB Annotated,MSK-IMPACT,MSK-HEME,FOUNDATION ONE	4
RAD54L			MSK-IMPACT,MSK-HEME,OncoKB Annotated,civic,FOUNDATION ONE	5
STAT5A	oncogene		OncoKB Annotated,MSK-IMPACT,MSK-HEME,FOUNDATION ONE HEME	4
TEK			OncoKB Annotated,MSK-IMPACT,MSK-HEME,FOUNDATION ONE	4
TRAF2			OncoKB Annotated,MSK-IMPACT,MSK-HEME,FOUNDATION ONE HEME	4
VEGFA	oncogene		MSK-IMPACT,MSK-HEME,OncoKB Annotated,civic,FOUNDATION ONE	5
XRCC2	TSG		OncoKB Annotated,MSK-IMPACT,MSK-HEME,FOUNDATION ONE	4
ABRAXAS1	TSG		OncoKB Annotated,MSK-IMPACT,MSK-HEME	3
AGO2			OncoKB Annotated,MSK-IMPACT,MSK-HEME	3
ANKRD11	TSG		OncoKB Annotated,MSK-IMPACT,MSK-HEME	3
ARID5B	TSG		OncoKB Annotated,MSK-IMPACT,MSK-HEME	3
BABAM1			OncoKB Annotated,MSK-IMPACT,MSK-HEME	3
BBC3	TSG		OncoKB Annotated,MSK-IMPACT,MSK-HEME	3
BCL2L11	TSG		OncoKB Annotated,MSK-IMPACT,MSK-HEME,civic	4
BCL2L2	oncogene		OncoKB Annotated,FOUNDATION ONE,FOUNDATION ONE HEME	3
CARM1			OncoKB Annotated,MSK-IMPACT,MSK-HEME	3
CCNQ	TSG		OncoKB Annotated,MSK-IMPACT,MSK-HEME	3
CD22			OncoKB Annotated,FOUNDATION ONE,FOUNDATION ONE HEME	3
CD276	oncogene		OncoKB Annotated,MSK-IMPACT,MSK-HEME	3
CD58	TSG		OncoKB Annotated,MSK-HEME,FOUNDATION ONE HEME	3
CD70	oncogene		OncoKB Annotated,FOUNDATION ONE,FOUNDATION ONE HEME	3
CDC42	oncogene		OncoKB Annotated,MSK-IMPACT,MSK-HEME	3
CENPA			OncoKB Annotated,MSK-IMPACT,MSK-HEME	3
COP1	oncogene,TSG		OncoKB Annotated,MSK-IMPACT,MSK-HEME	3
CSDE1			OncoKB Annotated,MSK-IMPACT,MSK-HEME	3
CTLA4	oncogene		OncoKB Annotated,MSK-IMPACT,MSK-HEME	3
DCUN1D1	oncogene		OncoKB Annotated,MSK-IMPACT,MSK-HEME	3
DNMT3B	TSG		OncoKB Annotated,MSK-IMPACT,MSK-HEME	3
DTX1	TSG		OncoKB Annotated,MSK-HEME,FOUNDATION ONE HEME	3
DUSP22	TSG		OncoKB Annotated,MSK-HEME,FOUNDATION ONE HEME	3
DUSP4	TSG		OncoKB Annotated,MSK-IMPACT,MSK-HEME	3
E2F3	oncogene		OncoKB Annotated,MSK-IMPACT,MSK-HEME	3
EGFL7	oncogene		OncoKB Annotated,MSK-IMPACT,MSK-HEME	3
EIF4E	oncogene		OncoKB Annotated,MSK-IMPACT,MSK-HEME	3
ELOC			OncoKB Annotated,MSK-IMPACT,MSK-HEME	3
EMSY	oncogene		OncoKB Annotated,FOUNDATION ONE,FOUNDATION ONE HEME	3
EPCAM	TSG		OncoKB Annotated,MSK-IMPACT,MSK-HEME,civic	4
ERF	TSG		OncoKB Annotated,MSK-IMPACT,MSK-HEME	3
EZH1	oncogene		OncoKB Annotated,MSK-IMPACT,MSK-HEME	3
FANCL	TSG		OncoKB Annotated,FOUNDATION ONE,FOUNDATION ONE HEME	3
FGF10	oncogene		OncoKB Annotated,FOUNDATION ONE,FOUNDATION ONE HEME	3
FGF14	TSG		OncoKB Annotated,FOUNDATION ONE,FOUNDATION ONE HEME	3
FGF23	oncogene		OncoKB Annotated,FOUNDATION ONE,FOUNDATION ONE HEME	3
FGF6	oncogene		OncoKB Annotated,FOUNDATION ONE,FOUNDATION ONE HEME	3
FYN	oncogene		OncoKB Annotated,MSK-IMPACT,MSK-HEME	3
GNA12	oncogene		OncoKB Annotated,MSK-HEME,FOUNDATION ONE HEME	3
GNB1	oncogene		OncoKB Annotated,MSK-IMPACT,MSK-HEME	3
GPS2	TSG		OncoKB Annotated,MSK-IMPACT,MSK-HEME	3
GREM1	oncogene		OncoKB Annotated,MSK-IMPACT,MSK-HEME	3
H1-3	TSG		OncoKB Annotated,MSK-HEME,FOUNDATION ONE HEME	3
H1-4	oncogene		OncoKB Annotated,MSK-HEME,FOUNDATION ONE HEME	3
H2AC11			OncoKB Annotated,MSK-HEME,FOUNDATION ONE HEME	3
H2AC16			OncoKB Annotated,MSK-HEME,FOUNDATION ONE HEME	3
H2AC17	oncogene		OncoKB Annotated,MSK-HEME,FOUNDATION ONE HEME	3
H2AC6			OncoKB Annotated,MSK-HEME,FOUNDATION ONE HEME	3
H2BC11			OncoKB Annotated,MSK-HEME,FOUNDATION ONE HEME	3
H2BC12			OncoKB Annotated,MSK-HEME,FOUNDATION ONE HEME	3
H2BC17			OncoKB Annotated,MSK-HEME,FOUNDATION ONE HEME	3
H2BC4			OncoKB Annotated,MSK-HEME,FOUNDATION ONE HEME	3
H2BC5			OncoKB Annotated,MSK-IMPACT,MSK-HEME	3
H3-4			OncoKB Annotated,MSK-IMPACT,MSK-HEME	3
H3-5			OncoKB Annotated,MSK-IMPACT,MSK-HEME	3
H3C1			OncoKB Annotated,MSK-IMPACT,MSK-HEME	3
H3C10			OncoKB Annotated,MSK-IMPACT,MSK-HEME	3
H3C11			OncoKB Annotated,MSK-IMPACT,MSK-HEME	3
H3C12			OncoKB Annotated,MSK-IMPACT,MSK-HEME	3
H3C13			OncoKB Annotated,MSK-IMPACT,MSK-HEME	3
H3C14			OncoKB Annotated,MSK-IMPACT,MSK-HEME	3
H3C3			OncoKB Annotated,MSK-IMPACT,MSK-HEME	3
H3C4			OncoKB Annotated,MSK-IMPACT,MSK-HEME	3
H3C6			OncoKB Annotated,MSK-IMPACT,MSK-HEME	3
H3C7			OncoKB Annotated,MSK-IMPACT,MSK-HEME	3
H3C8			OncoKB Annotated,MSK-IMPACT,MSK-HEME	3
HDAC4	oncogene,TSG		OncoKB Annotated,MSK-HEME,FOUNDATION ONE HEME	3
HDAC7	oncogene		OncoKB Annotated,MSK-HEME,FOUNDATION ONE HEME	3
HLA-B	TSG		OncoKB Annotated,MSK-IMPACT,MSK-HEME	3
HOXB13	oncogene,TSG		OncoKB Annotated,MSK-IMPACT,MSK-HEME,civic	4
ICOSLG	oncogene		OncoKB Annotated,MSK-IMPACT,MSK-HEME	3
IFNGR1	TSG		OncoKB Annotated,MSK-IMPACT,MSK-HEME,civic	4
IGF1	oncogene		OncoKB Annotated,MSK-IMPACT,MSK-HEME	3
IGF2	oncogene		OncoKB Annotated,MSK-IMPACT,MSK-HEME,civic	4
IL10			OncoKB Annotated,MSK-IMPACT,MSK-HEME	3
INHA	TSG		OncoKB Annotated,MSK-IMPACT,MSK-HEME	3
INPP4A			OncoKB Annotated,MSK-IMPACT,MSK-HEME	3
INPPL1	TSG		OncoKB Annotated,MSK-IMPACT,MSK-HEME	3
INSR	oncogene		OncoKB Annotated,MSK-IMPACT,MSK-HEME	3
IRF1	TSG		OncoKB Annotated,MSK-HEME,FOUNDATION ONE HEME	3
IRF8	TSG		OncoKB Annotated,MSK-HEME,FOUNDATION ONE HEME	3
IRS1	oncogene		OncoKB Annotated,MSK-IMPACT,MSK-HEME	3
JARID2	oncogene,TSG		OncoKB Annotated,MSK-HEME,FOUNDATION ONE HEME	3
KLHL6	oncogene,TSG		OncoKB Annotated,FOUNDATION ONE,FOUNDATION ONE HEME	3
KMT2B	TSG		OncoKB Annotated,MSK-IMPACT,MSK-HEME	3
KMT5A			OncoKB Annotated,MSK-IMPACT,MSK-HEME	3
MAPK3	oncogene		OncoKB Annotated,MSK-IMPACT,MSK-HEME	3
MAPKAP1			OncoKB Annotated,MSK-IMPACT,MSK-HEME	3
MDC1			OncoKB Annotated,MSK-IMPACT,MSK-HEME	3
MGA	TSG		OncoKB Annotated,MSK-IMPACT,MSK-HEME	3
MSI1	oncogene		OncoKB Annotated,MSK-IMPACT,MSK-HEME	3
MST1	TSG		OncoKB Annotated,MSK-IMPACT,MSK-HEME	3
MTAP	TSG		OncoKB Annotated,MSK-IMPACT,civic,FOUNDATION ONE	4
NCOA3	oncogene		OncoKB Annotated,MSK-IMPACT,MSK-HEME,civic	4
NCSTN	oncogene		OncoKB Annotated,MSK-HEME,FOUNDATION ONE HEME	3
NEGR1			OncoKB Annotated,MSK-IMPACT,MSK-HEME	3
NKX3-1	TSG		OncoKB Annotated,MSK-IMPACT,MSK-HEME	3
NOTCH4	oncogene,TSG		OncoKB Annotated,MSK-IMPACT,MSK-HEME	3
NUF2	oncogene		OncoKB Annotated,MSK-IMPACT,MSK-HEME	3
PAK1	oncogene		OncoKB Annotated,MSK-IMPACT,MSK-HEME	3
PAK5	oncogene		OncoKB Annotated,MSK-IMPACT,MSK-HEME	3
PDK1	oncogene		OncoKB Annotated,FOUNDATION ONE,FOUNDATION ONE HEME	3
PDPK1			OncoKB Annotated,MSK-IMPACT,MSK-HEME	3
PGR	oncogene		OncoKB Annotated,MSK-IMPACT,MSK-HEME,civic	4
PIK3C3			OncoKB Annotated,MSK-IMPACT,MSK-HEME	3
PIK3CD	oncogene		OncoKB Annotated,MSK-IMPACT,MSK-HEME	3
PLK2			OncoKB Annotated,MSK-IMPACT,MSK-HEME	3
PMAIP1	TSG		OncoKB Annotated,MSK-IMPACT,MSK-HEME	3
PNRC1			OncoKB Annotated,MSK-IMPACT,MSK-HEME	3
PPP4R2			OncoKB Annotated,MSK-IMPACT,MSK-HEME	3
PRDM14			OncoKB Annotated,MSK-IMPACT,MSK-HEME	3
PTP4A1			OncoKB Annotated,MSK-IMPACT,MSK-HEME	3
PTPN2	TSG		OncoKB Annotated,MSK-HEME,FOUNDATION ONE HEME	3
PTPRS	TSG		OncoKB Annotated,MSK-IMPACT,MSK-HEME	3
RAB35	oncogene		OncoKB Annotated,MSK-IMPACT,MSK-HEME	3
RAC2	oncogene		OncoKB Annotated,MSK-IMPACT,MSK-HEME	3
RECQL	TSG		OncoKB Annotated,MSK-IMPACT,MSK-HEME	3
RHEB	oncogene		OncoKB Annotated,MSK-IMPACT,MSK-HEME	3
RIT1	oncogene		OncoKB Annotated,MSK-IMPACT,MSK-HEME,civic	4
RPS6KA4	oncogene		OncoKB Annotated,MSK-IMPACT,MSK-HEME	3
RPS6KB2	oncogene		OncoKB Annotated,MSK-IMPACT,MSK-HEME	3
RRAGC	oncogene		OncoKB Annotated,MSK-IMPACT,MSK-HEME	3
RRAS	oncogene		OncoKB Annotated,MSK-IMPACT,MSK-HEME	3
RTEL1	TSG		OncoKB Annotated,MSK-IMPACT,MSK-HEME	3
RYBP	TSG		OncoKB Annotated,MSK-IMPACT,MSK-HEME	3
SESN1	TSG		OncoKB Annotated,MSK-IMPACT,MSK-HEME	3
SESN2	TSG		OncoKB Annotated,MSK-IMPACT,MSK-HEME	3
SESN3	TSG		OncoKB Annotated,MSK-IMPACT,MSK-HEME	3
SH2D1A	TSG		OncoKB Annotated,MSK-IMPACT,MSK-HEME	3
SHOC2	oncogene		OncoKB Annotated,MSK-IMPACT,MSK-HEME	3
SHQ1	TSG		OncoKB Annotated,MSK-IMPACT,MSK-HEME	3
SLX4	TSG		OncoKB Annotated,MSK-IMPACT,MSK-HEME	3
SMC3	TSG		OncoKB Annotated,MSK-HEME,FOUNDATION ONE HEME	3
SMYD3	oncogene		OncoKB Annotated,MSK-IMPACT,MSK-HEME	3
SOX17	TSG		OncoKB Annotated,MSK-IMPACT,MSK-HEME	3
SPRED1	TSG		OncoKB Annotated,MSK-IMPACT,MSK-HEME	3
STK19	oncogene		OncoKB Annotated,MSK-IMPACT,MSK-HEME	3
STK40			OncoKB Annotated,MSK-IMPACT,MSK-HEME	3
TAP1			OncoKB Annotated,MSK-IMPACT,MSK-HEME	3
TAP2			OncoKB Annotated,MSK-IMPACT,MSK-HEME	3
TGFBR1	TSG		OncoKB Annotated,MSK-IMPACT,MSK-HEME	3
TP53BP1	TSG		OncoKB Annotated,MSK-IMPACT,MSK-HEME	3
TRAF3	TSG		OncoKB Annotated,MSK-HEME,FOUNDATION ONE HEME	3
TRAF5	TSG		OncoKB Annotated,MSK-HEME,FOUNDATION ONE HEME	3
TYK2	oncogene		OncoKB Annotated,MSK-HEME,FOUNDATION ONE HEME	3
U2AF2			OncoKB Annotated,MSK-HEME,FOUNDATION ONE HEME	3
UPF1			OncoKB Annotated,MSK-IMPACT,MSK-HEME	3
VTCN1			OncoKB Annotated,MSK-IMPACT,MSK-HEME	3
XBP1	oncogene		OncoKB Annotated,MSK-HEME,FOUNDATION ONE HEME	3
XIAP	oncogene		OncoKB Annotated,MSK-IMPACT,MSK-HEME	3
YES1	oncogene		OncoKB Annotated,MSK-IMPACT,MSK-HEME	3
ZNF217	oncogene		OncoKB Annotated,FOUNDATION ONE,FOUNDATION ONE HEME	3
ACTG1	TSG		OncoKB Annotated,MSK-HEME	2
ADGRA2	oncogene		OncoKB Annotated,FOUNDATION ONE HEME	2
AGO1	oncogene		OncoKB Annotated,MSK-IMPACT	2
ALB			OncoKB Annotated,MSK-IMPACT	2
APLNR	oncogene,TSG		OncoKB Annotated,MSK-IMPACT	2
ARFRP1			FOUNDATION ONE HEME,FOUNDATION ONE	2
ARHGEF28	oncogene		OncoKB Annotated,MSK-HEME	2
ARID3A	TSG		OncoKB Annotated,MSK-HEME	2
ARID3B	oncogene		OncoKB Annotated,MSK-HEME	2
ARID3C			OncoKB Annotated,MSK-HEME	2
ARID4A	TSG		OncoKB Annotated,MSK-HEME	2
ARID4B	TSG		OncoKB Annotated,MSK-HEME	2
ARID5A			OncoKB Annotated,MSK-HEME	2
ATP6AP1			OncoKB Annotated,MSK-HEME	2
ATP6V1B2	TSG		OncoKB Annotated,MSK-HEME	2
ATXN2	TSG		OncoKB Annotated,MSK-HEME	2
ATXN7	oncogene		OncoKB Annotated,MSK-IMPACT	2
BACH2	TSG		OncoKB Annotated,MSK-HEME	2
BRSK1	TSG		OncoKB Annotated,FOUNDATION ONE HEME	2
CAD	oncogene		OncoKB Annotated,FOUNDATION ONE HEME	2
CARS1			FOUNDATION ONE HEME,COSMIC CGC (v99)	2
CCN6	oncogene,TSG		OncoKB Annotated,FOUNDATION ONE HEME	2
CEP43			FOUNDATION ONE HEME,COSMIC CGC (v99)	2
CMTR2	TSG		OncoKB Annotated,MSK-IMPACT	2
CRBN	TSG		OncoKB Annotated,MSK-HEME,civic	3
CTR9	TSG		OncoKB Annotated,MSK-IMPACT	2
CUL4A	oncogene		OncoKB Annotated,FOUNDATION ONE	2
CYP19A1	oncogene		OncoKB Annotated,MSK-IMPACT	2
EGR1	TSG		OncoKB Annotated,MSK-HEME	2
EP400	TSG		OncoKB Annotated,MSK-HEME	2
EPHB4	oncogene		OncoKB Annotated,FOUNDATION ONE,civic	3
EPOR	oncogene		OncoKB Annotated,FOUNDATION ONE HEME,civic	3
ESCO2	TSG		OncoKB Annotated,MSK-HEME	2
ETAA1	TSG		OncoKB Annotated,MSK-IMPACT	2
ETS1	oncogene,TSG		OncoKB Annotated,FOUNDATION ONE HEME	2
EZHIP	oncogene		OncoKB Annotated,MSK-IMPACT	2
FOXF1	oncogene,TSG		OncoKB Annotated,MSK-IMPACT	2
FRS2	oncogene		OncoKB Annotated,FOUNDATION ONE HEME	2
FURIN	oncogene		OncoKB Annotated,MSK-HEME	2
GAB1	oncogene		OncoKB Annotated,MSK-IMPACT	2
GAB2	oncogene		OncoKB Annotated,MSK-IMPACT	2
GABRA6	oncogene		OncoKB Annotated,FOUNDATION ONE	2
GATA4	TSG		OncoKB Annotated,FOUNDATION ONE	2
GATA6	oncogene		OncoKB Annotated,FOUNDATION ONE	2
GID4			FOUNDATION ONE HEME,FOUNDATION ONE	2
H1-5	TSG		OncoKB Annotated,MSK-HEME	2
H2BC8			OncoKB Annotated,MSK-HEME	2
H4C9			FOUNDATION ONE HEME,COSMIC CGC (v99)	2
HIRA	TSG		OncoKB Annotated,MSK-HEME	2
HLA-C	TSG		OncoKB Annotated,MSK-IMPACT,civic	3
HSD3B1	oncogene		OncoKB Annotated,FOUNDATION ONE	2
IL3	oncogene		OncoKB Annotated,FOUNDATION ONE HEME,civic	3
IRF2	TSG		OncoKB Annotated,FOUNDATION ONE	2
KBTBD4			OncoKB Annotated,MSK-IMPACT	2
KEL	oncogene		OncoKB Annotated,FOUNDATION ONE	2
KLF5	oncogene		OncoKB Annotated,MSK-IMPACT,civic	3
KSR2	oncogene		OncoKB Annotated,MSK-HEME	2
LTB	oncogene,TSG		OncoKB Annotated,MSK-HEME	2
LTK	oncogene		OncoKB Annotated,FOUNDATION ONE	2
MAD2L2	oncogene,TSG		OncoKB Annotated,MSK-IMPACT	2
MAP3K7	oncogene		OncoKB Annotated,FOUNDATION ONE HEME	2
MEF2C	oncogene,TSG		OncoKB Annotated,FOUNDATION ONE HEME	2
MERTK	oncogene		OncoKB Annotated,FOUNDATION ONE,civic	3
MGAM	oncogene		OncoKB Annotated,MSK-HEME	2
MKI67	oncogene		OncoKB Annotated,FOUNDATION ONE HEME,civic	3
MOB3B	TSG		OncoKB Annotated,MSK-HEME	2
MPEG1			OncoKB Annotated,MSK-HEME	2
NADK	oncogene		OncoKB Annotated,MSK-IMPACT	2
NFE2	oncogene		OncoKB Annotated,MSK-HEME	2
PDS5B	TSG		OncoKB Annotated,MSK-HEME	2
PGBD5	oncogene		OncoKB Annotated,MSK-IMPACT	2
PIGA	TSG		OncoKB Annotated,MSK-HEME	2
PIK3C2B	oncogene		OncoKB Annotated,FOUNDATION ONE	2
PPP2R2A	TSG		OncoKB Annotated,FOUNDATION ONE,civic	3
PRKDC	oncogene,TSG		OncoKB Annotated,FOUNDATION ONE HEME	2
PTPN1	oncogene,TSG		OncoKB Annotated,MSK-HEME	2
PTPRO			FOUNDATION ONE HEME,FOUNDATION ONE	2
RELN			OncoKB Annotated,FOUNDATION ONE HEME	2
REST	TSG		OncoKB Annotated,MSK-IMPACT	2
ROBO1	TSG		OncoKB Annotated,MSK-HEME	2
SAMHD1	TSG		OncoKB Annotated,MSK-HEME	2
SCG5	oncogene		OncoKB Annotated,MSK-IMPACT	2
SERPINB3	oncogene,TSG		OncoKB Annotated,MSK-IMPACT	2
SERPINB4			OncoKB Annotated,MSK-IMPACT	2
SETD1A	oncogene		OncoKB Annotated,MSK-HEME	2
SETD3			OncoKB Annotated,MSK-HEME	2
SETD4			OncoKB Annotated,MSK-HEME	2
SETD5			OncoKB Annotated,MSK-HEME	2
SETD6			OncoKB Annotated,MSK-HEME	2
SETD7			OncoKB Annotated,MSK-HEME	2
SETDB2	TSG		OncoKB Annotated,MSK-HEME	2
SLFN11	TSG		OncoKB Annotated,MSK-IMPACT,civic	3
SMARCA1	oncogene,TSG		OncoKB Annotated,FOUNDATION ONE HEME	2
SMARCA2	TSG		OncoKB Annotated,MSK-IMPACT,civic	3
SMG1	TSG		OncoKB Annotated,MSK-HEME	2
SOCS3	TSG		OncoKB Annotated,FOUNDATION ONE HEME	2
SOX10	oncogene		OncoKB Annotated,FOUNDATION ONE HEME,civic	3
SP140	TSG		OncoKB Annotated,MSK-HEME	2
SPRTN	TSG		OncoKB Annotated,MSK-IMPACT	2
STAT4	oncogene		OncoKB Annotated,FOUNDATION ONE HEME	2
TAF1	oncogene		OncoKB Annotated,FOUNDATION ONE HEME	2
TET3	TSG		OncoKB Annotated,MSK-HEME	2
TRG	oncogene		OncoKB Annotated,FOUNDATION ONE HEME	2
TRIP13	oncogene,TSG		OncoKB Annotated,MSK-IMPACT	2
VAV2	oncogene		OncoKB Annotated,MSK-HEME	2
ZBTB7A	oncogene,TSG		OncoKB Annotated,MSK-HEME	2
ZNF703			FOUNDATION ONE HEME,FOUNDATION ONE	2
ABCB1	oncogene		OncoKB Annotated,civic	2
ACTB			FOUNDATION ONE HEME	1
ADARB2	oncogene		OncoKB Annotated	1
ADGRG4			OncoKB Annotated	1
ADHFE1	oncogene		OncoKB Annotated	1
AGGF1	oncogene		OncoKB Annotated	1
AGK	oncogene		OncoKB Annotated	1
AIP	oncogene,TSG		OncoKB Annotated	1
AJUBA	TSG		OncoKB Annotated	1
AKT1S1	oncogene		OncoKB Annotated	1
ALDH1L2	oncogene		OncoKB Annotated	1
ALOX15B	TSG		OncoKB Annotated	1
ALOX5	oncogene,TSG		OncoKB Annotated	1
ANKRD26	oncogene		OncoKB Annotated	1
APEX1	oncogene		OncoKB Annotated	1
APH1A			FOUNDATION ONE HEME	1
ASCL1	oncogene		OncoKB Annotated	1
ASMTL			FOUNDATION ONE HEME	1
ATG5			FOUNDATION ONE HEME	1
ATMIN	TSG		OncoKB Annotated	1
ATRIP	TSG		OncoKB Annotated	1
BAALC	oncogene		OncoKB Annotated	1
BTLA			FOUNDATION ONE HEME	1
CASR	oncogene,TSG		OncoKB Annotated	1
CCNB3	oncogene		OncoKB Annotated	1
CCT6B			FOUNDATION ONE HEME	1
CD19	oncogene		OncoKB Annotated	1
CD36			FOUNDATION ONE HEME	1
CDH2	oncogene		OncoKB Annotated	1
CDH4	oncogene		OncoKB Annotated	1
CDKN1C	TSG		OncoKB Annotated	1
CHN1			FOUNDATION ONE HEME	1
CHTF8	TSG		OncoKB Annotated	1
CILK1			FOUNDATION ONE HEME	1
CKS1B			FOUNDATION ONE HEME	1
CPS1			FOUNDATION ONE HEME	1
CREM			OncoKB Annotated	1
CSF1			FOUNDATION ONE HEME	1
CTC1			OncoKB Annotated	1
CTDNEP1	TSG		OncoKB Annotated	1
CYP17A1			FOUNDATION ONE	1
DAZAP1			OncoKB Annotated	1
DDR1			FOUNDATION ONE	1
DDX4	oncogene		OncoKB Annotated	1
DDX41	TSG		OncoKB Annotated,civic	2
DHX15	oncogene,TSG		OncoKB Annotated	1
DIS3L2	oncogene,TSG		OncoKB Annotated	1
DKK1			OncoKB Annotated,civic	2
DKK2			OncoKB Annotated	1
DKK3			OncoKB Annotated	1
DKK4			OncoKB Annotated	1
DLL3	oncogene		OncoKB Annotated	1
DPYD			OncoKB Annotated,civic	2
DUSP2			FOUNDATION ONE HEME	1
DUSP9			FOUNDATION ONE HEME	1
ECSIT	oncogene		OncoKB Annotated	1
EGR2	TSG		OncoKB Annotated	1
EIF2B1	TSG		OncoKB Annotated	1
ELL2	oncogene,TSG		OncoKB Annotated	1
ELP2			FOUNDATION ONE HEME	1
ERCC1	TSG		OncoKB Annotated,civic	2
ERCC6	oncogene		OncoKB Annotated	1
EXOSC6			FOUNDATION ONE HEME	1
FAF1			FOUNDATION ONE HEME	1
FANCB			OncoKB Annotated	1
FANCI			OncoKB Annotated	1
FANCM	TSG		OncoKB Annotated	1
FBXO31			FOUNDATION ONE HEME	1
FBXW2			OncoKB Annotated	1
FGF1	oncogene		OncoKB Annotated	1
FGF12			FOUNDATION ONE	1
FGF2	oncogene		OncoKB Annotated,civic	2
FGF5	oncogene		OncoKB Annotated	1
FGF7	oncogene		OncoKB Annotated	1
FGF8	oncogene		OncoKB Annotated	1
FGF9	oncogene		OncoKB Annotated	1
FLYWCH1			FOUNDATION ONE HEME	1
FOLH1	oncogene		OncoKB Annotated	1
FOLR1	oncogene		OncoKB Annotated	1
FOXN4	oncogene		OncoKB Annotated	1
FSTL1	oncogene		OncoKB Annotated	1
FZR1	oncogene,TSG		OncoKB Annotated	1
GADD45B			FOUNDATION ONE HEME	1
GEN1			OncoKB Annotated	1
GRB7	oncogene		OncoKB Annotated	1
GSTP1	TSG		OncoKB Annotated,civic	2
GTSE1			FOUNDATION ONE HEME	1
H3C15			OncoKB Annotated	1
H3P6			OncoKB Annotated	1
H4C6			OncoKB Annotated	1
HDAC2	oncogene		OncoKB Annotated	1
HFE	oncogene		OncoKB Annotated	1
HNF1B			OncoKB Annotated	1
HOXA3			FOUNDATION ONE HEME	1
HSD17B2	TSG		OncoKB Annotated	1
HTATIP2	TSG		OncoKB Annotated	1
ID1	oncogene		OncoKB Annotated	1
IFNAR1			OncoKB Annotated	1
IKZF2			FOUNDATION ONE HEME	1
ING1	TSG		OncoKB Annotated	1
INPP5D			FOUNDATION ONE HEME	1
INTS6	TSG		OncoKB Annotated	1
IQGAP1	oncogene		OncoKB Annotated	1
ITPKB	oncogene		OncoKB Annotated	1
KDM2B			FOUNDATION ONE HEME	1
KDM4C			FOUNDATION ONE HEME	1
KDM5D	oncogene,TSG		OncoKB Annotated	1
KLF2	TSG		OncoKB Annotated	1
KLF3	TSG		OncoKB Annotated	1
LGR5	oncogene		OncoKB Annotated	1
LRP5	oncogene,TSG		OncoKB Annotated	1
LRP6	oncogene		OncoKB Annotated	1
LRRK2			FOUNDATION ONE HEME	1
MAGED1			FOUNDATION ONE HEME	1
MAGI2	TSG		OncoKB Annotated	1
MAL2	TSG		OncoKB Annotated	1
MAP3K21	oncogene		OncoKB Annotated	1
MAP3K6			FOUNDATION ONE HEME	1
MAP4K4	oncogene		OncoKB Annotated	1
MBD4	TSG		OncoKB Annotated	1
MBD6	TSG		OncoKB Annotated	1
MEF2D	oncogene		OncoKB Annotated	1
MIB1			FOUNDATION ONE HEME	1
MIDEAS	TSG		OncoKB Annotated	1
MKNK1			FOUNDATION ONE	1
MLH3	TSG		OncoKB Annotated	1
MS4A1			OncoKB Annotated,civic	2
MTHFD2	oncogene		OncoKB Annotated	1
MTHFR			OncoKB Annotated,civic	2
MYBL1	oncogene		OncoKB Annotated,civic	2
MYO18A			FOUNDATION ONE HEME	1
NBEAP1			FOUNDATION ONE HEME	1
NHERF1	oncogene,TSG		OncoKB Annotated	1
NOD1			FOUNDATION ONE HEME	1
NQO1	oncogene		OncoKB Annotated,civic	2
NUTM2A			FOUNDATION ONE HEME	1
ONECUT2	oncogene		OncoKB Annotated	1
PAG1			FOUNDATION ONE HEME	1
PAK3			FOUNDATION ONE HEME	1
PARP2			FOUNDATION ONE	1
PARP3			FOUNDATION ONE	1
PASK			FOUNDATION ONE HEME	1
PC			FOUNDATION ONE HEME	1
PCLO			FOUNDATION ONE HEME	1
PCSK7			FOUNDATION ONE HEME	1
PDCD11			FOUNDATION ONE HEME	1
PHF1			FOUNDATION ONE HEME	1
PHF19	oncogene		OncoKB Annotated	1
PHLPP1	TSG		OncoKB Annotated	1
PHLPP2	TSG		OncoKB Annotated	1
POLH	TSG		OncoKB Annotated	1
POU2F2	oncogene		OncoKB Annotated	1
POU3F2	oncogene		OncoKB Annotated	1
POU3F4	oncogene		OncoKB Annotated	1
PPP1CB			FOUNDATION ONE HEME	1
PRPF8	TSG		OncoKB Annotated	1
PRSS1			OncoKB Annotated	1
PRSS8			FOUNDATION ONE HEME	1
PSMB2	oncogene		OncoKB Annotated	1
PTK7			FOUNDATION ONE HEME	1
PTPN14	TSG		OncoKB Annotated	1
PUM1			OncoKB Annotated	1
RASGEF1A			FOUNDATION ONE HEME	1
REV3L	oncogene		OncoKB Annotated	1
RIOK2	oncogene		OncoKB Annotated	1
RNASEH2A	oncogene		OncoKB Annotated	1
RNASEH2B	TSG		OncoKB Annotated	1
RNF217-AS1			FOUNDATION ONE HEME	1
RPS15	oncogene		OncoKB Annotated	1
RPS6KB1	oncogene		OncoKB Annotated	1
RUNX2			FOUNDATION ONE HEME	1
S1PR2			FOUNDATION ONE HEME	1
SAMD9			OncoKB Annotated	1
SAMD9L			OncoKB Annotated	1
SEC31A			FOUNDATION ONE HEME	1
SEPTIN5			FOUNDATION ONE HEME	1
SEPTIN6			FOUNDATION ONE HEME	1
SEPTIN9			FOUNDATION ONE HEME	1
SERP2			FOUNDATION ONE HEME	1
SF3B2	oncogene		OncoKB Annotated	1
SFRP1	TSG		OncoKB Annotated	1
SFRP2	oncogene,TSG		OncoKB Annotated	1
SLC1A2			FOUNDATION ONE HEME	1
SLIT2			OncoKB Annotated	1
SLIT3	TSG		OncoKB Annotated	1
SNCAIP			FOUNDATION ONE	1
SOCS2			FOUNDATION ONE HEME	1
SQSTM1	oncogene		OncoKB Annotated	1
SRP72	oncogene		OncoKB Annotated	1
STAT1			OncoKB Annotated	1
STAT2			OncoKB Annotated	1
SZT2			OncoKB Annotated	1
TACSTD2	oncogene		OncoKB Annotated	1
TCL1B	oncogene		OncoKB Annotated	1
TERC			FOUNDATION ONE	1
TIGAR	oncogene		OncoKB Annotated	1
TIPARP			FOUNDATION ONE	1
TLE1			OncoKB Annotated	1
TLE2			OncoKB Annotated	1
TLE3			OncoKB Annotated	1
TLE4			OncoKB Annotated	1
TLL2			FOUNDATION ONE HEME	1
TMEM30A			FOUNDATION ONE HEME	1
TMSB4XP8			FOUNDATION ONE HEME	1
TNFRSF11A			FOUNDATION ONE HEME	1
TNFSF13	oncogene		OncoKB Annotated	1
TONSL			OncoKB Annotated	1
TOP2A	oncogene		OncoKB Annotated,civic	2
TPMT			OncoKB Annotated	1
TRIB3	oncogene		OncoKB Annotated	1
TTL			FOUNDATION ONE HEME	1
TUSC3			FOUNDATION ONE HEME	1
TYMS	oncogene		OncoKB Annotated,civic	2
TYRO3			FOUNDATION ONE	1
UBA1	oncogene		OncoKB Annotated	1
UBE2A	oncogene		OncoKB Annotated	1
UBTF	oncogene		OncoKB Annotated	1
UCHL1	oncogene		OncoKB Annotated	1
USP1	oncogene		OncoKB Annotated	1
WDR90			FOUNDATION ONE HEME	1
WEE1	TSG		OncoKB Annotated,civic	2
WWP1	oncogene		OncoKB Annotated	1
XRCC1	TSG		OncoKB Annotated,civic	2
YPEL5			FOUNDATION ONE HEME	1
YY1	oncogene		OncoKB Annotated	1
YY1AP1			FOUNDATION ONE HEME	1
ZBTB20	oncogene,TSG		OncoKB Annotated	1
ZFP36L1	TSG		OncoKB Annotated	1
ZFP36L2	TSG		OncoKB Annotated	1
ZNF24			FOUNDATION ONE HEME	1
ZNF292	TSG		OncoKB Annotated	1
ZNF750	TSG		OncoKB Annotated	1
		BCR	civic	1
EWSR1::FLI1			civic	1
TTF1			civic	1
BIRC7			civic	1
ABCG2			civic	1
PAPSS1			civic	1
NT5E			civic	1
AREG			civic	1
TGFA			civic	1
EREG			civic	1
DEFA1			civic	1
FNTB			civic	1
PDCD4			civic	1
TFF3			civic	1
CD44			civic	1
EGF			civic	1
HMOX1			civic	1
SPHK1			civic	1
PBK			civic	1
ALCAM			civic	1
STMN1			civic	1
RSF1			civic	1
UGT1A			civic	1
BIRC5			civic	1
AGR2			civic	1
NAPRT			civic	1
TIMP1			civic	1
PTP4A3			civic	1
PRKAA2			civic	1
HSPA5			civic	1
EIF4EBP1			civic	1
TUBB3			civic	1
CFLAR			civic	1
PROM1			civic	1
FOXP3			civic	1
RPS6			civic	1
DUSP6			civic	1
HSPB1			civic	1
MAGEH1			civic	1
ABCC3			civic	1
ABCC10			civic	1
ASNS			civic	1
THBS2			civic	1
v			civic	1
HLA-DRA			civic	1
PSMB8			civic	1
PTTG1			civic	1
LEPR			civic	1
NEDD9			civic	1
ETS2			civic	1
KRT18			civic	1
FGF13			civic	1
FCGR2A			civic	1
FCGR3A			civic	1
ALDH1A2			civic	1
CIP2A			civic	1
MIR218-1			civic	1
DDX43			civic	1
TBK1			civic	1
HAVCR2			civic	1
MMP2			civic	1
MMP9			civic	1
HSPH1			civic	1
ECSCR			civic	1
ROBO4			civic	1
EML4::ALK			civic	1
DUX4			civic	1
B4GALT1			civic	1
SIRT1			civic	1
ACTA1			civic	1
PPP1R15A			civic	1
MAP2K7			civic	1
PPFIBP2			civic	1
RAD23B			civic	1
FOS			civic	1
GAS6			civic	1
STAG3			civic	1
ZKSCAN1			civic	1
KIF23			civic	1
GADD45A			civic	1
KLLN			civic	1
CYP2D6			civic	1
UGT1A1			civic	1
TNKS2			civic	1
SLCO1B1			civic	1
RRM1			civic	1
RRM2			civic	1
VPS37A			civic	1
CTAG1B			civic	1
CTAG2			civic	1
SLC3A2			civic	1
ATP1B1			civic	1
MACF1			civic	1
ASS1			civic	1
TLK2			civic	1
TRIM63			civic	1
GON4L			civic	1
SSBP2			civic	1
SNX2			civic	1
RCSD1			civic	1
FGFR1OP2			civic	1
APP			civic	1
ATF7IP			civic	1
STRN3			civic	1
TERF2			civic	1
USP25			civic	1
ZNF274			civic	1
RFX3			civic	1
NRF1			civic	1
IL6			civic	1
PRPS1			civic	1
OFD1			civic	1
SMU1			civic	1
ZNF430			civic	1
KANK1			civic	1
ZMIZ1			civic	1
CENPC			civic	1
NUP153			civic	1
VCL			civic	1
AFAP1			civic	1
SLC29A1			civic	1
SSTR5			civic	1
KANK4			civic	1
SCP2			civic	1
CHD7			civic	1
ZFTA			civic	1
FOXR2			civic	1
SLC4A4			civic	1
TMB			civic	1
Kataegis			civic	1
CK			civic	1
CD72			civic	1
GOLGA4			civic	1
ANO10			civic	1
Methylation signature			civic	1
EGFR::RAD51			civic	1
GOPC::ROS1			civic	1
C19MC			civic	1
